ID,X,Y,Z,PCI,RSRP(dBm)
31882600,799885.53,350019.4,1.5,1,-94.20935
31882601,799882.88,350005.67,1.5,1,-92.21945
31882602,799880.69,349991.84,1.5,1,-89.13886
31882603,799877.74,349978.14,1.5,1,-87.3059
31882604,799874.56,349965.22,1.5,1,-88.97846
31882605,799869.38,349952.71,1.5,1,-88.20654
31882606,799867.92,349938.86,1.5,1,-86.15576
31882607,799861.37,349927.23,1.5,1,-90.03017
31882608,799847.89,349926.92,1.5,1,-97.13648
31882609,799835,349932.44,1.5,1,-98.04301
31882610,799821.71,349936.79,1.5,1,-95.64036
31882611,799808.83,349942.1,1.5,1,-90.95737
31882612,799795.89,349947.28,1.5,1,-88.50659
31882613,799782.75,349946.24,1.5,1,-88.76762
31882614,799777.64,349933.4,1.5,1,-88.0286
31882615,799772.01,349920.56,1.5,1,-86.3475
31882616,799766.58,349907.67,1.5,1,-89.76486
31882617,799760.06,349895.28,1.5,1,-88.28529
31882618,799740.39,349878.59,1.5,1,-86.48427
31882619,799726.62,349881.21,1.5,1,-94.26337
31882620,799712.8,349883.54,1.5,1,-98.48313
31882621,799699.18,349885.98,1.5,1,-100.6827
31882622,799697.38,349891.73,1.5,1,-96.68543
31882623,799711.13,349889.12,1.5,1,-95.47196
31882624,799724.64,349885.4,1.5,1,-92.37337
31882625,799738,349884.68,1.5,1,-87.24641
31882626,799751.89,349886.28,1.5,1,-88.23029
31882627,799762.71,349894.26,1.5,1,-88.00115
31882628,799767.99,349907.07,1.5,1,-86.83676
31882629,799774.19,349919.58,1.5,1,-90.73229
31882630,799779.23,349932.61,1.5,1,-88.25506
31882631,799778.8,349944.64,1.5,1,-87.249
31882632,799772.2,349954.77,1.5,1,-91.10471
31882633,799758.72,349958.63,1.5,1,-102.5777
31882634,799745.15,349962.16,1.5,1,-103.3315
31882635,799732.01,349966.99,1.5,1,-104.3068
31882636,799719.53,349973.09,1.5,1,-104.5416
31882637,799719.23,350006.82,1.5,1,-104.6518
31882638,799721.12,350020.49,1.5,1,-103.4633
31882639,799723.41,350034.11,1.5,1,-105.8994
31882640,799724.65,350047.94,1.5,1,-103.2304
31882641,799729.21,350061.07,1.5,1,-105.7564
31882642,799729.24,350074.45,1.5,1,-104.5414
31882643,799731.74,350088.07,1.5,1,-104.2581
31882644,799735.44,350100.97,1.5,1,-107.129
31882645,799738.21,350114.35,1.5,1,-104.8805
31882646,799739.28,350128.14,1.5,1,-101.4516
31882647,799740.95,350141.84,1.5,1,-100.6711
31882648,799742.6,350155.54,1.5,1,-95.39053
31882649,799744.73,350168.19,1.5,1,-99.73428
31882650,799746.78,350181.71,1.5,1,-102.1982
31882651,799747.59,350195.55,1.5,1,-100.2583
31882652,799748.4,350209.41,1.5,1,-103.4822
31882653,799750.91,350222.83,1.5,1,-104.1377
31882654,799755.71,350235.67,1.5,1,-104.4332
31882655,799758.49,350249.16,1.5,1,-102.6089
31882656,799754.21,350260.94,1.5,1,-107.3807
31882657,799755.87,350274.75,1.5,1,-107.1737
31882658,799756.79,350288.64,1.5,1,-105.6599
31882659,799803.18,350301.05,1.5,1,-109.0362
31882660,799816.98,350298.76,1.5,1,-102.7437
31882661,799827.32,350290.02,1.5,1,-100.9347
31882662,799827.16,350276.27,1.5,1,-96.39352
31882663,799825.39,350262.4,1.5,1,-98.95082
31882664,799823.66,350248.54,1.5,1,-101.5317
31882665,799820.54,350234.9,1.5,1,-100.5991
31882666,799818.81,350221.11,1.5,1,-103.2874
31882667,799816.31,350207.38,1.5,1,-97.61807
31882668,799815.93,350193.8,1.5,1,-99.4984
31882669,799813.71,350189.18,1.5,1,-99.18972
31882670,799810.57,350175.54,1.5,1,-95.82329
31882671,799808.78,350161.72,1.5,1,-94.05133
31882672,799807.97,350147.82,1.5,1,-96.54328
31882673,799807.27,350133.93,1.5,1,-96.8357
31882674,799807.06,350119.95,1.5,1,-98.40508
31882675,799805.35,350106.1,1.5,1,-100.1296
31882676,799802.68,350092.34,1.5,1,-100.5083
31882677,799801.44,350078.5,1.5,1,-97.7339
31882678,799799.7,350064.73,1.5,1,-101.1055
31882679,799798.89,350050.9,1.5,1,-94.09911
31882680,799796.72,350037.13,1.5,1,-96.11666
31882681,799794.79,350023.31,1.5,1,-96.59673
31882682,799793.43,350009.4,1.5,1,-94.16302
31882683,799792.15,349995.48,1.5,1,-90.76119
31882684,799790.58,349981.59,1.5,1,-90.13275
31882685,799788.51,349967.76,1.5,1,-88.80465
31882686,799783.52,349954.92,1.5,1,-89.69629
31882687,799770.52,349951.22,1.5,1,-90.34442
31882688,799756.76,349953.68,1.5,1,-102.7861
31882689,799743.2,349957.24,1.5,1,-102.8629
31882690,799729.74,349961.19,1.5,1,-104.2994
31882691,799716.24,349964.99,1.5,1,-105.6283
31882692,799702.81,349969.03,1.5,1,-107.1931
31882693,799689.56,349973.63,1.5,1,-107.2417
31882694,799676.35,349978.18,1.5,1,-106.1974
31882695,799663.75,349984.19,1.5,1,-103.5413
31882696,799653.74,349993.66,1.5,1,-101.6637
31882697,799650.49,350007.1,1.5,1,-100.4025
31882698,799651.2,350021.07,1.5,1,-100.8214
31882699,799653.8,350034.81,1.5,1,-97.96626
31882700,799655.66,350048.69,1.5,1,-95.17702
31882701,799657.14,350062.59,1.5,1,-100.6455
31882702,799658.52,350076.45,1.5,1,-95.97577
31882703,799659.84,350090.31,1.5,1,-96.44195
31882704,799663.23,350103.82,1.5,1,-97.17129
31882705,799664.44,350117.83,1.5,1,-97.3054
31882706,799665.94,350131.85,1.5,1,-96.08514
31882707,799667.44,350145.88,1.5,1,-101.0077
31882708,799668.21,350159.79,1.5,1,-98.19489
31882709,799670.03,350173.49,1.5,1,-97.59589
31882710,799672.87,350187.12,1.5,1,-99.47331
31882711,799673.76,350201.02,1.5,1,-100.5341
31882712,799675.41,350214.87,1.5,1,-99.78233
31882713,799676.2,350228.83,1.5,1,-102.0706
31882714,799676.18,350242.82,1.5,1,-99.73908
31882715,799670.99,350254.96,1.5,1,-110.4484
31882716,799657.24,350256.99,1.5,1,-112.5454
31882717,799643.45,350259.2,1.5,1,-103.0762
31882718,799632.55,350251.76,1.5,1,-103.9578
31882719,799621.33,350126.58,1.5,1,-103.1245
31882720,799622.22,350113.48,1.5,1,-102.8689
31882721,799620.55,350099.97,1.5,1,-102.9295
31882722,799617.19,350089.25,1.5,1,-105.4134
31882723,799603.54,350089.11,1.5,1,-104.9617
31882724,799590.56,350092.83,1.5,1,-99.88347
31882725,799576.71,350094.8,1.5,1,-105.434
31882726,799562.77,350096.39,1.5,1,-104.2051
31882727,799548.88,350098.11,1.5,1,-104.3725
31882728,799534.92,350099.28,1.5,1,-97.83997
31882729,799521.06,350101.22,1.5,1,-100.7098
31882730,799507.21,350103.38,1.5,1,-106.9042
31882731,799493.4,350105.66,1.5,1,-106.2102
31882732,799479.56,350107.76,1.5,1,-104.0614
31882733,799469.6,350100.5,1.5,1,-101.9056
31882734,799467.74,350086.69,1.5,1,-104.5569
31882735,799465.79,350072.8,1.5,1,-105.2246
31882736,799464.51,350058.88,1.5,1,-101.2382
31882737,799462.18,350045.17,1.5,1,-104.345
31882738,799460.33,350031.36,1.5,1,-105.1829
31882739,799463.82,350018.47,1.5,1,-105.1469
31882740,799475.4,350010.63,1.5,1,-105.9548
31882741,799487.13,350002.98,1.5,1,-107.5474
31882742,799499,349995.52,1.5,1,-104.2161
31882743,799510.7,349987.83,1.5,1,-106.717
31882744,799523.23,349981.61,1.5,1,-107.5506
31882745,799536.74,349978.01,1.5,1,-104.9132
31882746,799548.67,349971.95,1.5,1,-104.0914
31882747,799549.12,349958.39,1.5,1,-104.9012
31882748,799545.53,349944.85,1.5,1,-105.6564
31882749,799542.06,349931.28,1.5,1,-105.4725
31882750,799537.93,349917.9,1.5,1,-103.0773
31882751,799533.91,349904.5,1.5,1,-100.4065
31882752,799532.83,349890.6,1.5,1,-100.5946
31882753,799542.88,349882.01,1.5,1,-97.51996
31882754,799570.48,349879.31,1.5,1,-100.985
31882755,799612.28,349883.32,1.5,1,-104.8249
31882756,799626.27,349883.93,1.5,1,-105.3902
31882757,799640.29,349883.59,1.5,1,-100.8726
31882758,799647.28,349895.51,1.5,1,-101.8051
31882759,799644.15,349912.79,1.5,1,-102.8074
31882760,799641.83,349925.3,1.5,1,-100.4878
31882761,799643.88,349938.84,1.5,1,-99.92195
31882762,799641.3,349952.53,1.5,1,-103.688
31882763,799653.79,350092.62,1.5,1,-95.24538
31882764,799655.33,350106.45,1.5,1,-96.08871
31882765,799656.99,350120.26,1.5,1,-99.5654
31882766,799658.82,350134.08,1.5,1,-97.05283
31882767,799661.11,350147.89,1.5,1,-96.66219
31882768,799663.99,350161.59,1.5,1,-99.36061
31882769,799666.31,350175.37,1.5,1,-100.4111
31882770,799668.55,350189.2,1.5,1,-98.23165
31882771,799669.99,350203.15,1.5,1,-99.47816
31882772,799671.36,350217.13,1.5,1,-100.4662
31882773,799672.7,350231.09,1.5,1,-100.159
31882774,799674.09,350245.02,1.5,1,-97.15041
31882775,799675.75,350258.94,1.5,1,-97.84199
31882776,799677.85,350272.77,1.5,1,-102.4849
31882777,799678.69,350286.74,1.5,1,-101.9942
31882778,799680.2,350300.61,1.5,1,-102.055
31882779,799684.49,350313.31,1.5,1,-99.222
31882780,799685.31,350327.23,1.5,1,-106.6141
31882781,799686.12,350341.17,1.5,1,-104.4642
31882782,799686.92,350355.15,1.5,1,-104.3329
31882783,799687.74,350369.12,1.5,1,-101.5756
31882784,799688.26,350383.1,1.5,1,-104.1944
31882785,799690.11,350396.98,1.5,1,-104.7874
31882786,799690.8,350410.95,1.5,1,-105.0928
31882787,799692.16,350424.91,1.5,1,-107.7256
31882788,799692.65,350438.89,1.5,1,-104.371
31882789,799693.47,350452.87,1.5,1,-106.8416
31882790,799694.28,350466.83,1.5,1,-107.6408
31882791,799695.08,350480.79,1.5,1,-106.7373
31882792,799695.8,350494.76,1.5,1,-110.4209
31882793,799696.94,350508.66,1.5,1,-103.5791
31882794,799860.74,350499.05,1.5,1,-112.8653
31882795,799869.75,350488.34,1.5,1,-113.9905
31882796,799878.44,350477.58,1.5,1,-115.119
31882797,799887.75,350467.86,1.5,1,-112.1256
31882798,799907.8,350448.42,1.5,1,-110.6566
31882799,799914.55,350436.29,1.5,1,-108.576
31882800,799918.26,350422.81,1.5,1,-108.5932
31882801,799917.61,350408.9,1.5,1,-106.3768
31882802,799917.17,350394.91,1.5,1,-104.7552
31882803,799916.84,350380.92,1.5,1,-106.0419
31882804,799916.87,350366.91,1.5,1,-107.3549
31882805,799916.82,350352.9,1.5,1,-107.1107
31882806,799916.1,350338.94,1.5,1,-107.1247
31882807,799915.28,350324.98,1.5,1,-103.8109
31882808,799914.47,350311.04,1.5,1,-103.3339
31882809,799913.66,350297.09,1.5,1,-103.0524
31882810,799913.7,350283.09,1.5,1,-101.4534
31882811,799912.88,350269.15,1.5,1,-104.7768
31882812,799912.92,350255.13,1.5,1,-104.9581
31882813,799912.15,350241.2,1.5,1,-102.8163
31882814,799908.99,350227.8,1.5,1,-105.4284
31882815,799906.79,350213.98,1.5,1,-97.36666
31882816,799905.3,350200.05,1.5,1,-102.8556
31882817,799903.52,350186.14,1.5,1,-101.7269
31882818,799902.95,350172.18,1.5,1,-99.91272
31882819,799901.91,350158.21,1.5,1,-102.5266
31882820,799901.33,350144.23,1.5,1,-101.7522
31882821,799900.52,350130.25,1.5,1,-105.9703
31882822,799898,350117.46,1.5,1,-101.4764
31882823,799897.48,350103.62,1.5,1,-98.03796
31882824,799906.2,350092.99,1.5,1,-99.98631
31882825,799933.69,350088.93,1.5,1,-100.5649
31882826,799947.65,350087.93,1.5,1,-98.08933
31882827,799961.52,350086.16,1.5,1,-100.7753
31882828,799975.16,350083.03,1.5,1,-102.4303
31882829,799989.01,350081.18,1.5,1,-104.4195
31882830,800002.8,350079.05,1.5,1,-103.4782
31882831,800016.76,350078.67,1.5,1,-100.7106
31882832,800029.91,350078.32,1.5,1,-102.0124
31882833,800043.65,350079.22,1.5,1,-102.3978
31882834,800057.08,350080.48,1.5,1,-100.6426
31882835,800070.82,350083.04,1.5,1,-97.0956
31882836,800084.52,350085.87,1.5,1,-97.07205
31882837,800098.15,350089.03,1.5,1,-97.13864
31882838,800111.92,350091.5,1.5,1,-93.42592
31882839,800125.58,350094.27,1.5,1,-91.9043
31882840,800139.36,350096.17,1.5,1,-92.77631
31882841,800152.87,350098.94,1.5,1,-93.00877
31882842,800166.78,350099.37,1.5,1,-96.90787
31882843,800180.7,350098.2,1.5,1,-99.68797
31882844,800194.69,350098.49,1.5,1,-98.60109
31882845,800208.63,350097.46,1.5,1,-100.1079
31882846,800222.62,350096.63,1.5,1,-99.4024
31882847,800236.6,350096.04,1.5,1,-97.32266
31882848,800250.54,350094.57,1.5,1,-98.50687
31882849,800264.52,350093.76,1.5,1,-100.6068
31882850,800278.52,350094.21,1.5,1,-97.95448
31882851,800292.42,350092.89,1.5,1,-94.73604
31882852,800306.42,350092.55,1.5,1,-95.87479
31882853,800320.4,350091.89,1.5,1,-98.14767
31882854,800334.41,350091.47,1.5,1,-101.7652
31882855,800348.4,350090.71,1.5,1,-101.7466
31882856,800362.38,350090.18,1.5,1,-100.5257
31882857,800376.39,350090.23,1.5,1,-101.2699
31882858,800390.15,350089.84,1.5,1,-107.3752
31882859,800403.02,350087.47,1.5,1,-104.9772
31882860,800416.83,350085.41,1.5,1,-104.9007
31882861,800427.67,350077.43,1.5,1,-104.4413
31882862,800429.38,350063.66,1.5,1,-103.3506
31882863,800429.42,350049.64,1.5,1,-102.2176
31882864,800429.45,350035.61,1.5,1,-101.1529
31882865,800428.64,350021.63,1.5,1,-100.8125
31882866,800428.68,350007.59,1.5,1,-98.52296
31882867,800428.22,349993.58,1.5,1,-96.66734
31882868,800427.91,349979.6,1.5,1,-96.376
31882869,800427.14,349965.62,1.5,1,-93.97832
31882870,800425.75,349951.65,1.5,1,-94.27843
31882871,800423.1,349937.92,1.5,1,-95.47559
31882872,800419.19,349924.47,1.5,1,-96.32558
31882873,800415.14,349911.04,1.5,1,-95.3615
31882874,800410.04,349898.03,1.5,1,-97.12653
31882875,800405.84,349884.69,1.5,1,-98.25563
31882876,800401.5,349871.39,1.5,1,-100.2212
31882877,800397.25,349858.04,1.5,1,-100.1741
31882878,800392.55,349844.87,1.5,1,-100.1927
31882879,800393.93,349832.28,1.5,1,-100.7163
31882880,800407.15,349827.82,1.5,1,-102.6454
31882881,800420.39,349823.28,1.5,1,-103.16
31882882,800433.53,349818.66,1.5,1,-100.1891
31882883,800447.2,349815.64,1.5,1,-101.6152
31882884,800460.67,349811.84,1.5,1,-104.5901
31882885,800473.93,349807.33,1.5,1,-102.9554
31882886,800487.34,349803.48,1.5,1,-104.8239
31882887,800500.51,349799.46,1.5,1,-103.6828
31882888,800513.96,349795.53,1.5,1,-102.1964
31882889,800527.33,349791.37,1.5,1,-101.7267
31882890,800540.7,349787.2,1.5,1,-101.6633
31882891,800544.82,349742.35,1.5,1,-102.8749
31882892,800538.6,349729.88,1.5,1,-104.2524
31882893,800534.68,349716.49,1.5,1,-103.8139
31882894,800531.1,349702.96,1.5,1,-102.5969
31882895,800526.97,349689.61,1.5,1,-102.6327
31882896,800515.17,349685.74,1.5,1,-102.1072
31882897,800501.94,349690.34,1.5,1,-100.9171
31882898,800488.68,349694.81,1.5,1,-100.6457
31882899,800475.31,349699.04,1.5,1,-98.2092
31882900,800461.89,349703.03,1.5,1,-100.3295
31882901,800448.43,349706.88,1.5,1,-98.20821
31882902,800435.05,349711.02,1.5,1,-101.3502
31882903,800421.67,349715.1,1.5,1,-101.7163
31882904,800408.23,349719.09,1.5,1,-100.0889
31882905,800394.88,349723.37,1.5,1,-101.2553
31882906,800381.87,349728.56,1.5,1,-102.0638
31882907,800368.6,349732.98,1.5,1,-101.0932
31882908,800357.51,349728.6,1.5,1,-101.9925
31882909,800352.38,349715.63,1.5,1,-101.7446
31882910,800348.18,349702.29,1.5,1,-101.7791
31882911,800343.28,349689.15,1.5,1,-101.7715
31882912,800338.42,349676,1.5,1,-99.92
31882913,800334.25,349662.65,1.5,1,-102.0983
31882914,800329.59,349649.46,1.5,1,-103.2665
31882915,800324.66,349636.38,1.5,1,-102.7828
31882916,800318.82,349623.66,1.5,1,-102.3876
31882917,800314.5,349610.33,1.5,1,-101.3445
31882918,800312.87,349596.54,1.5,1,-100.4995
31882919,800322.7,349588.2,1.5,1,-102.2181
31882920,800336.1,349584.14,1.5,1,-103.0404
31882921,800349.64,349580.5,1.5,1,-104.3025
31882922,800363.09,349576.63,1.5,1,-103.4805
31882923,800376.54,349572.79,1.5,1,-105.4123
31882924,800389.79,349568.31,1.5,1,-103.1989
31882925,800402.54,349568.18,1.5,1,-103.8085
31882926,800406.79,349581.4,1.5,1,-100.8307
31882927,800409.46,349594.64,1.5,1,-103.4776
31882928,800413.99,349607.81,1.5,1,-104.1012
31882929,800418.31,349621.08,1.5,1,-100.8998
31882930,800423.21,349634.01,1.5,1,-101.1
31882931,800426.72,349647.53,1.5,1,-101.0105
31882932,800428.27,349660.59,1.5,1,-100.2586
31882933,800415.97,349666.67,1.5,1,-103.1915
31882934,800402.3,349669.79,1.5,1,-101.9802
31882935,800388.73,349673.26,1.5,1,-101.3975
31882936,800375.59,349678.12,1.5,1,-103.9529
31882937,800362.13,349682.01,1.5,1,-102.0031
31882938,800348.59,349685.51,1.5,1,-95.56548
31882939,800340.39,349695.47,1.5,1,-101.216
31882940,800341.54,349709.39,1.5,1,-102.5925
31882941,800345.51,349722.82,1.5,1,-100.8441
31882942,800349.4,349736.25,1.5,1,-106.101
31882943,800353.84,349748.74,1.5,1,-97.417
31882944,800350.78,349761.39,1.5,1,-96.98209
31882945,800338.96,349768.81,1.5,1,-96.49677
31882946,800325.44,349772.42,1.5,1,-93.86346
31882947,800311.93,349776.21,1.5,1,-95.60983
31882948,800298.58,349780.41,1.5,1,-95.32422
31882949,800285.23,349784.66,1.5,1,-93.34291
31882950,800271.64,349788.08,1.5,1,-94.14086
31882951,800258.18,349791.95,1.5,1,-93.4064
31882952,800245.14,349797.08,1.5,1,-92.92281
31882953,800232.34,349802.74,1.5,1,-91.74282
31882954,800219.36,349807.99,1.5,1,-95.32931
31882955,800206.24,349812.82,1.5,1,-92.3873
31882956,800192.84,349816.96,1.5,1,-91.72826
31882957,800179.38,349820.79,1.5,1,-92.24556
31882958,800166.13,349825.3,1.5,1,-90.5388
31882959,800152.76,349829.43,1.5,1,-87.72764
31882960,800139.49,349833.92,1.5,1,-90.76281
31882961,800126.17,349838.25,1.5,1,-86.67822
31882962,800112.85,349842.62,1.5,1,-86.5352
31882963,800099.36,349846.43,1.5,1,-90.11884
31882964,800085.94,349850.44,1.5,1,-89
31882965,800072.54,349854.56,1.5,1,-90.71797
31882966,800059.14,349858.68,1.5,1,-91.99058
31882967,800045.76,349862.88,1.5,1,-91.1218
31882968,800032.38,349867.03,1.5,1,-91.51615
31882969,800018.94,349871.08,1.5,1,-92.93986
31882970,800005.64,349875.48,1.5,1,-94.15891
31882971,799992.38,349879.92,1.5,1,-93.27
31882972,799978.84,349883.45,1.5,1,-94.24924
31882973,799965.57,349887.71,1.5,1,-92.09704
31882974,799953.72,349882.4,1.5,1,-92.03365
31882975,799947,349870.1,1.5,1,-94.14275
31882976,799941.49,349857.25,1.5,1,-93.65646
31882977,799935.57,349844.53,1.5,1,-94.48254
31882978,799929.76,349831.77,1.5,1,-93.34987
31882979,799924.55,349818.78,1.5,1,-92.55894
31882980,799918.69,349806.08,1.5,1,-92.69861
31882981,799912.88,349793.35,1.5,1,-92.85502
31882982,799907.23,349780.57,1.5,1,-89.7631
31882983,799901.51,349767.78,1.5,1,-87.44021
31882984,799895.36,349755.2,1.5,1,-80.61051
31882985,799890.42,349742.14,1.5,1,-75.68401
31882986,799885.04,349729.4,1.5,1,-77.55415
31882987,799878.79,349717.43,1.5,1,-75.10615
31882988,799865.9,349716.09,1.5,1,-74.54327
31882989,799853.48,349722.58,1.5,1,-76.48728
31882990,799841.14,349729.2,1.5,1,-80.65665
31882991,799828.82,349735.27,1.5,1,-82.32504
31882992,799816.67,349739.97,1.5,1,-81.23445
31882993,799803.87,349738.64,1.5,1,-80.88099
31882994,799792,349732.34,1.5,1,-77.18333
31882995,799783.86,349721,1.5,1,-78.71447
31882996,799777.71,349709.73,1.5,1,-78.75745
31882997,799772.08,349697.2,1.5,1,-76.44476
31882998,799766.16,349684.67,1.5,1,-73.18991
31882999,799438.86,349150.46,1.5,1,-100.1
31883000,799435.5,349136.73,1.5,1,-107.3245
31883001,799431.49,349123.29,1.5,1,-105.8495
31883002,799428.15,349109.63,1.5,1,-105.2417
31883003,799424.92,349095.99,1.5,1,-107.2963
31883004,799421.73,349082.32,1.5,1,-107.5584
31883005,799417.96,349068.78,1.5,1,-105.8014
31883006,799414.62,349055.13,1.5,1,-105.9961
31883007,799411.01,349041.61,1.5,1,-106.2418
31883008,799407.6,349027.97,1.5,1,-106.5396
31883009,799404.13,349014.38,1.5,1,-107.257
31883010,799400.33,349000.9,1.5,1,-109.0306
31883011,799505.57,348951.58,1.5,1,-110.0427
31883012,799504.85,348965.58,1.5,1,-111.7502
31883013,799503.86,348979.54,1.5,1,-109.5936
31883014,799503.77,348993.56,1.5,1,-108.0057
31883015,799503.47,349007.56,1.5,1,-107.7686
31883016,799502.84,349021.56,1.5,1,-106.6538
31883017,799502.8,349035.57,1.5,1,-106.9562
31883018,799502.77,349049.59,1.5,1,-108.911
31883019,799502.73,349063.61,1.5,1,-106.9789
31883020,799501.93,349077.58,1.5,1,-107.5875
31883021,799502.66,349091.54,1.5,1,-107.0195
31883022,799503.37,349105.53,1.5,1,-107.289
31883023,799503.44,349119.52,1.5,1,-108.9728
31883024,799503.41,349132.93,1.5,1,-106.5261
31883025,799503.37,349146.95,1.5,1,-106.7009
31883026,799503.77,349160.91,1.5,1,-107.7107
31883027,799508.39,349173.74,1.5,1,-103.3332
31883028,799510.49,349187.3,1.5,1,-104.4656
31883029,799511.71,349201.18,1.5,1,-103.8552
31883030,799511.29,349215.16,1.5,1,-103.242
31883031,799509.81,349229.04,1.5,1,-103.6116
31883032,799509.06,349243,1.5,1,-104.4391
31883033,799508.17,349256.94,1.5,1,-101.858
31883034,799507.76,349270.94,1.5,1,-102.6522
31883035,799506.87,349284.9,1.5,1,-102.85
31883036,799506.1,349298.86,1.5,1,-101.7
31883037,799504.57,349312.81,1.5,1,-103.1596
31883038,799503.11,349326.77,1.5,1,-104.7114
31883039,799501.7,349340.74,1.5,1,-103.8752
31883040,799501.13,349354.72,1.5,1,-104.0864
31883041,799500,349368.7,1.5,1,-102.7493
31883042,799498.82,349382.68,1.5,1,-101.2505
31883043,799498.48,349396.7,1.5,1,-101.5365
31883044,799497.59,349410.69,1.5,1,-101.0291
31883045,799497.56,349424.7,1.5,1,-101.0189
31883046,799497,349438.72,1.5,1,-98.42058
31883047,799496.63,349452.71,1.5,1,-99.88925
31883048,799496.59,349466.71,1.5,1,-98.57471
31883049,799497.41,349480.63,1.5,1,-95.7906
31883050,799498.38,349494.54,1.5,1,-93.55945
31883051,799499.03,349508.52,1.5,1,-92.33952
31883052,799498.99,349522.54,1.5,1,-92.1959
31883053,799498.11,349536.51,1.5,1,-94.30255
31883054,799499.92,349550.15,1.5,1,-94.33354
31883055,799505.7,349555.59,1.5,1,-92.28019
31883056,799514.3,349566.48,1.5,1,-88.49941
31883057,799520.21,349579.17,1.5,1,-90.66851
31883058,799524.5,349592.47,1.5,1,-88.54528
31883059,799526.79,349606.07,1.5,1,-87.89044
31883060,799530.61,349619.51,1.5,1,-90.71519
31883061,799535.08,349632.78,1.5,1,-87.09174
31883062,799540.32,349645.79,1.5,1,-85.6439
31883063,799545.42,349658.86,1.5,1,-84.90405
31883064,799550.74,349671.82,1.5,1,-83.13649
31883065,799556.01,349684.83,1.5,1,-83.11761
31883066,799561.51,349697.73,1.5,1,-83.62029
31883067,799566.87,349710.7,1.5,1,-84.5
31883068,799571.63,349723.87,1.5,1,-80.852
31883069,799576.2,349737.12,1.5,1,-85.03461
31883070,799580.88,349750.29,1.5,1,-82.03696
31883071,799584.86,349763.72,1.5,1,-81.84075
31883072,799588.76,349777.17,1.5,1,-79.2692
31883073,799592.8,349790.56,1.5,1,-80.28239
31883074,799596.71,349803.99,1.5,1,-84.43192
31883075,799603.29,349816.24,1.5,1,-82.17696
31883076,799612.56,349824.47,1.5,1,-91.05921
31883077,799616.14,349837.54,1.5,1,-92.20527
31883078,799621.95,349849.73,1.5,1,-90.45572
31883079,799625.59,349863.24,1.5,1,-92.91628
31883080,799628.92,349876.85,1.5,1,-95.94093
31883081,799631.73,349890.57,1.5,1,-99.23143
31883082,799632.09,349904.3,1.5,1,-96.33283
31883083,799639.4,349913.65,1.5,1,-96.06093
31883084,799653.04,349911.03,1.5,1,-96.15973
31883085,799666.41,349906.83,1.5,1,-96.47928
31883086,799679.85,349902.88,1.5,1,-98.14496
31883087,799693.24,349898.71,1.5,1,-98.15486
31883088,799706.51,349894.22,1.5,1,-96.17871
31883089,799720.25,349891.57,1.5,1,-93.42341
31883090,799734.12,349890.51,1.5,1,-89.46879
31883091,799746.4,349892.38,1.5,1,-86.04906
31883092,799754.22,349893.7,1.5,1,-89.54819
31883093,799762.33,349904.98,1.5,1,-89.67278
31883094,799768.62,349917.47,1.5,1,-88.43254
31883095,799776.61,349928.9,1.5,1,-88.91666
31883096,799784.32,349940.1,1.5,1,-89.65077
31883097,799795.93,349943.14,1.5,1,-93.43639
31883098,799805.65,349933.14,1.5,1,-97.67525
31883099,799817.89,349926.48,1.5,1,-99.07204
31883100,799827.22,349918.66,1.5,1,-96.66876
31883101,799839.36,349911.68,1.5,1,-84.99615
31883102,799850.07,349903.75,1.5,1,-86.94292
31883103,799851.92,349891.52,1.5,1,-84.27896
31883104,799848.56,349878.86,1.5,1,-80.56074
31883105,799843.49,349866.78,1.5,1,-78.12767
31883106,799839.16,349854.27,1.5,1,-77.81609
31883107,799833.83,349841.59,1.5,1,-77.83028
31883108,799828.61,349828.67,1.5,1,-81.53995
31883109,799823.09,349815.86,1.5,1,-76.75895
31883110,799817.79,349802.91,1.5,1,-78.78921
31883111,799814,349789.81,1.5,1,-74.55487
31883112,799808.93,349777.31,1.5,1,-77.02331
31883113,799808.12,349763.39,1.5,1,-75.59492
31883114,799808.77,349749.73,1.5,1,-78.89005
31883115,799819.83,349741.58,1.5,1,-80.75916
31883116,799832.26,349735.13,1.5,1,-81.20901
31883117,799844.79,349728.89,1.5,1,-78.27473
31883118,799857.63,349723.38,1.5,1,-74.84193
31883119,799870.4,349717.83,1.5,1,-76.54244
31883120,799874.09,349705.14,1.5,1,-76.89293
31883121,799870.02,349691.85,1.5,1,-73.68563
31883122,799864.35,349679.63,1.5,1,-81.54776
31883123,799859.46,349666.59,1.5,1,-82.83713
31883124,799853.18,349654.14,1.5,1,-78.89894
31883125,799852.19,349649.15,1.5,1,-83.09569
31883126,799856.47,349661.76,1.5,1,-82.35234
31883127,799862.66,349673.37,1.5,1,-77.24661
31883128,799856.7,349682.06,1.5,1,-74.49721
31883129,799861.36,349694.02,1.5,1,-73.84736
31883130,799872.98,349701.57,1.5,1,-77.56812
31883131,799873.84,349713.74,1.5,1,-73.08419
31883132,799861.94,349721.02,1.5,1,-75.81573
31883133,799848.9,349726.11,1.5,1,-79.24306
31883134,799837.06,349733.44,1.5,1,-79.33493
31883135,799842.33,349740.22,1.5,1,-83.11758
31883136,799848.64,349752.68,1.5,1,-84.57717
31883137,799854.81,349765.24,1.5,1,-91.07295
31883138,799861.49,349777.55,1.5,1,-89.92928
31883139,799867.81,349790.01,1.5,1,-88.584
31883140,799873.34,349802.88,1.5,1,-90.16706
31883141,799878.83,349815.74,1.5,1,-89.50671
31883142,799884.47,349828.55,1.5,1,-90.11037
31883143,799889.58,349841.5,1.5,1,-88.6326
31883144,799895.13,349854.36,1.5,1,-89.23042
31883145,799900.73,349867.19,1.5,1,-86.8752
31883146,799906.94,349879.69,1.5,1,-84.69122
31883147,799912.85,349892.35,1.5,1,-86.44202
31883148,799919.87,349903.54,1.5,1,-89.00291
31883149,799933.5,349902.28,1.5,1,-94.12899
31883150,799947.11,349898.87,1.5,1,-93.28308
31883151,799960.77,349895.69,1.5,1,-94.24886
31883152,799974.3,349892.09,1.5,1,-93.33493
31883153,799987.77,349888.28,1.5,1,-95.47462
31883154,800001.37,349884.83,1.5,1,-94.77618
31883155,800014.78,349880.76,1.5,1,-94.2328
31883156,800028.13,349876.58,1.5,1,-94.39857
31883157,800041.43,349872.14,1.5,1,-93.36875
31883158,800054.7,349867.65,1.5,1,-93.53819
31883159,800068.01,349863.21,1.5,1,-90.53977
31883160,800081.32,349858.74,1.5,1,-91.10184
31883161,800094.62,349854.32,1.5,1,-90.91779
31883162,800107.95,349849.93,1.5,1,-87.92211
31883163,800121.33,349845.75,1.5,1,-88.4304
31883164,800134.73,349841.68,1.5,1,-90.14325
31883165,800148,349837.25,1.5,1,-90.05791
31883166,800161.3,349832.82,1.5,1,-91.23305
31883167,800174.56,349828.29,1.5,1,-92.03928
31883168,800187.81,349823.74,1.5,1,-91.81958
31883169,800201.29,349823.69,1.5,1,-91.19464
31883170,800208.08,349835.36,1.5,1,-88.82101
31883171,800208.91,349849.35,1.5,1,-93.70281
31883172,800209.26,349863.36,1.5,1,-96.50768
31883173,800210.07,349877.31,1.5,1,-96.09254
31883174,800210.88,349891.25,1.5,1,-99.18056
31883175,800212.55,349905.13,1.5,1,-98.25459
31883176,800214.2,349918.98,1.5,1,-99.63647
31883177,800215.02,349932.91,1.5,1,-98.73186
31883178,800214.82,349946.68,1.5,1,-98.39906
31883179,800210.51,349959.88,1.5,1,-96.41837
31883180,800199.23,349964.71,1.5,1,-94.91162
31883181,800193.76,349968.32,1.5,1,-98.95656
31883182,800206.38,349963.93,1.5,1,-97.84284
31883183,800212.97,349951.85,1.5,1,-99.53236
31883184,800225.97,349953.26,1.5,1,-97.46688
31883185,800239.92,349954.46,1.5,1,-96.23918
31883186,800253.92,349954.19,1.5,1,-94.9911
31883187,800267.92,349954.37,1.5,1,-96.19431
31883188,800281.95,349954.45,1.5,1,-96.11572
31883189,800295.97,349954.4,1.5,1,-96.88301
31883190,800309.98,349954.17,1.5,1,-96.23686
31883191,800323.93,349953.82,1.5,1,-98.58022
31883192,800327.8,349966.34,1.5,1,-100.3287
31883193,800328.61,349980.31,1.5,1,-97.84238
31883194,800328.57,349994.33,1.5,1,-98.73483
31883195,800328.54,350008.34,1.5,1,-101.5311
31883196,800328.5,350022.35,1.5,1,-100.2415
31883197,800328.15,350036.35,1.5,1,-99.80231
31883198,800328.06,350050.29,1.5,1,-98.97071
31883199,800328.39,350064.27,1.5,1,-98.83678
31883200,800329.08,350078.18,1.5,1,-99.22137
31883201,800326.63,350089.04,1.5,1,-97.77265
31883202,800312.79,350090.52,1.5,1,-97.33962
31883203,800298.79,350090.07,1.5,1,-98.46317
31883204,800284.79,350089.82,1.5,1,-98.76225
31883205,800270.79,350089.89,1.5,1,-99.86633
31883206,800256.84,350090.88,1.5,1,-98.31433
31883207,800242.96,350092.52,1.5,1,-98.5648
31883208,800229.15,350094.6,1.5,1,-97.81834
31883209,800215.17,350095.16,1.5,1,-97.82726
31883210,800201.18,350095.12,1.5,1,-98.58273
31883211,800187.26,350096.4,1.5,1,-98.65621
31883212,800173.29,350096.15,1.5,1,-93.66325
31883213,800159.27,350096.42,1.5,1,-91.85238
31883214,800145.42,350094.51,1.5,1,-93.14893
31883215,800131.66,350092.72,1.5,1,-96.12135
31883216,800120.84,350089.77,1.5,1,-93.91689
31883217,800108.27,350087.3,1.5,1,-96.41307
31883218,800094.85,350083.98,1.5,1,-95.37215
31883219,800081.19,350080.93,1.5,1,-97.21731
31883220,800067.53,350079.14,1.5,1,-102.5844
31883221,800053.7,350077.19,1.5,1,-102.0672
31883222,800039.69,350076.64,1.5,1,-102.4065
31883223,800025.76,350077.84,1.5,1,-102.7177
31883224,800011.86,350079.14,1.5,1,-106.5395
31883225,799997.92,350080.53,1.5,1,-104.7803
31883226,799983.94,350081.38,1.5,1,-102.0053
31883227,799970.42,350084.71,1.5,1,-98.43671
31883228,799956.6,350086.31,1.5,1,-100.4883
31883229,799942.84,350087.99,1.5,1,-100.6969
31883230,799045.89,349349.52,1.5,1,-107.1284
31883231,799059.24,349353.75,1.5,1,-107.6301
31883232,799072.55,349358.17,1.5,1,-103.4767
31883233,799085.67,349363.12,1.5,1,-102.3278
31883234,799098.76,349368.2,1.5,1,-103.7374
31883235,799111.61,349373.84,1.5,1,-101.7264
31883236,799124.13,349380.1,1.5,1,-105.1188
31883237,799136,349387.54,1.5,1,-102.9399
31883238,799147.81,349395.04,1.5,1,-105.4569
31883239,799159.3,349403.04,1.5,1,-105.5116
31883240,799170.56,349411.35,1.5,1,-104.3
31883241,799181.92,349419.57,1.5,1,-104.8386
31883242,799193.34,349427.65,1.5,1,-103.7393
31883243,799205.55,349434.51,1.5,1,-102.5534
31883244,799217.82,349441.27,1.5,1,-101.4928
31883245,799230.49,349447.2,1.5,1,-101.9519
31883246,799243.61,349451.99,1.5,1,-101.3524
31883247,799257.3,349454.91,1.5,1,-100.4042
31883248,799271.28,349455.38,1.5,1,-99.55916
31883249,799284.93,349452.44,1.5,1,-100.0818
31883250,799297.26,349445.94,1.5,1,-101.1857
31883251,799307.05,349435.95,1.5,1,-103.5891
31883252,799313.91,349423.83,1.5,1,-102.742
31883253,799316.7,349410.22,1.5,1,-105.2844
31883254,799315.35,349396.34,1.5,1,-104.3415
31883255,799311.21,349382.98,1.5,1,-105.3577
31883256,799305.74,349370.07,1.5,1,-106.593
31883257,799301.18,349356.8,1.5,1,-105.7533
31883258,799297.4,349343.31,1.5,1,-105.085
31883259,799295.83,349329.41,1.5,1,-106.0882
31883260,799296.06,349315.4,1.5,1,-104.7447
31883261,799297.81,349301.53,1.5,1,-103.6586
31883262,799300.77,349287.82,1.5,1,-106.1435
31883263,799303.67,349274.1,1.5,1,-103.3221
31883264,799306.53,349260.36,1.5,1,-105.6467
31883265,799309.38,349246.61,1.5,1,-106.1481
31883266,799312.19,349232.85,1.5,1,-106.7032
31883267,799315.85,349219.33,1.5,1,-105.8975
31883268,799319,349205.66,1.5,1,-107.5454
31883269,799322.3,349192.05,1.5,1,-109.9627
31883270,799325.69,349178.47,1.5,1,-107.5982
31883271,799328.9,349164.87,1.5,1,-107.6292
31883272,799330.11,349150.98,1.5,1,-109.2746
31883273,799322.65,349143.31,1.5,1,-110.0317
31883274,799325.71,349152.68,1.5,1,-109.2438
31883275,799323.49,349166.49,1.5,1,-109.0847
31883276,799320.31,349180.13,1.5,1,-107.8511
31883277,799316.75,349193.69,1.5,1,-106.706
31883278,799313.41,349207.31,1.5,1,-104.7178
31883279,799310.67,349221.05,1.5,1,-106.6086
31883280,799307.21,349234.66,1.5,1,-105.8299
31883281,799303.99,349248.29,1.5,1,-104.6791
31883282,799300.96,349261.98,1.5,1,-104.5133
31883283,799297.31,349275.5,1.5,1,-105.4766
31883284,799294.23,349289.17,1.5,1,-104.4423
31883285,799292.22,349303.06,1.5,1,-105.2913
31883286,799290.48,349316.98,1.5,1,-106.677
31883287,799289.89,349331,1.5,1,-103.8767
31883288,799291.54,349344.85,1.5,1,-106.794
31883289,799295.08,349358.4,1.5,1,-104.9183
31883290,799299.85,349371.57,1.5,1,-106.3748
31883291,799305.74,349384.3,1.5,1,-105.0391
31883292,799309.47,349397.75,1.5,1,-103.4871
31883293,799309.8,349411.7,1.5,1,-102.9302
31883294,799305.98,349425.12,1.5,1,-102.6451
31883295,799298.18,349436.65,1.5,1,-101.2036
31883296,799287.24,349445.29,1.5,1,-99.86063
31883297,799274.01,349449.72,1.5,1,-101.9149
31883298,799260.09,349450.25,1.5,1,-103.003
31883299,799247,349445.5,1.5,1,-104.9796
31883300,799233.45,349441.94,1.5,1,-105.3429
31883301,799221.12,349435.39,1.5,1,-104.2182
31883302,799209.05,349428.3,1.5,1,-103.686
31883303,799197.21,349420.82,1.5,1,-104.1942
31883304,799185.45,349413.15,1.5,1,-104.6288
31883305,799174.12,349404.92,1.5,1,-104.9458
31883306,799163.18,349396.16,1.5,1,-105.246
31883307,799151.9,349387.83,1.5,1,-105.7047
31883308,799140.22,349380.13,1.5,1,-104.4054
31883309,799128.07,349373.13,1.5,1,-105.992
31883310,799115.44,349367.11,1.5,1,-104.4637
31883311,799102.37,349362.06,1.5,1,-104.4825
31883312,799089.05,349357.7,1.5,1,-105.221
31883313,799075.73,349353.31,1.5,1,-105.246
31883314,799062.34,349349.16,1.5,1,-105.6356
31883315,799049,349344.87,1.5,1,-109.3322
31883316,799027.98,350056.28,1.5,1,-108.2053
31883317,799031.31,350042.64,1.5,1,-108.7512
31883318,799034.67,350029.06,1.5,1,-108.8438
31883319,799037.88,350015.38,1.5,1,-106.7664
31883320,799041.43,350001.83,1.5,1,-104.5442
31883321,799044.9,349988.23,1.5,1,-107.4265
31883322,799048.38,349974.6,1.5,1,-104.1722
31883323,799051.89,349961.03,1.5,1,-105.0947
31883324,799055.51,349947.49,1.5,1,-102.1582
31883325,799058.69,349933.84,1.5,1,-102.6378
31883326,799061.93,349920.18,1.5,1,-99.7246
31883327,799066.2,349906.83,1.5,1,-99.29342
31883328,799070.1,349893.37,1.5,1,-93.7883
31883329,799074.19,349879.99,1.5,1,-95.67683
31883330,799077.2,349866.4,1.5,1,-96.73759
31883331,799067.63,349859.03,1.5,1,-96.41687
31883332,799058.59,349868.86,1.5,1,-96.26806
31883333,799054.43,349882.23,1.5,1,-93.91898
31883334,799053.04,349895.96,1.5,1,-98.00799
31883335,799058.12,349908.61,1.5,1,-100.0976
31883336,799056.9,349921.72,1.5,1,-103.0265
31883337,799052.04,349934.83,1.5,1,-104.9107
31883338,799047.15,349947.95,1.5,1,-106.894
31883339,799042.26,349961.04,1.5,1,-101.4384
31883340,799038.22,349974.39,1.5,1,-105.7619
31883341,799034.34,349987.85,1.5,1,-107.4831
31883342,799030.31,350001.28,1.5,1,-108.4144
31883343,799025.79,350014.55,1.5,1,-107.8585
31883344,799021.52,350027.89,1.5,1,-108.7408
31883345,798994.35,349466.29,1.5,1,-100.7903
31883346,799004.2,349476.21,1.5,1,-100.8155
31883347,799015.92,349483.83,1.5,1,-100.6026
31883348,799028.79,349489.34,1.5,1,-103.6494
31883349,799041.76,349494.59,1.5,1,-100.4731
31883350,799051.82,349501.84,1.5,1,-104.053
31883351,799053.54,349497.83,1.5,1,-103.4863
31883352,799043.75,349490.85,1.5,1,-101.717
31883353,799032.39,349483.89,1.5,1,-108.1171
31883354,799040.34,349473.52,1.5,1,-105.7687
31883355,799052.9,349467.44,1.5,1,-105.0392
31883356,799065.78,349462.46,1.5,1,-104.7643
31883357,799079.1,349466.29,1.5,1,-105.9659
31883358,799092.07,349471.57,1.5,1,-101.7514
31883359,799105.41,349475.83,1.5,1,-104.4743
31883360,799118.96,349479.47,1.5,1,-100.9057
31883361,799132.6,349482.66,1.5,1,-101.953
31883362,799146.49,349484.46,1.5,1,-95.31031
31883363,799160.49,349485.14,1.5,1,-97.46323
31883364,799174.5,349485.73,1.5,1,-99.59149
31883365,799188.47,349484.99,1.5,1,-103.4436
31883366,799201.87,349481.44,1.5,1,-102.1145
31883367,799211.81,349471.83,1.5,1,-102.8823
31883368,799214.42,349458.44,1.5,1,-105.5826
31883369,799206.93,349446.77,1.5,1,-104.0846
31883370,799196.33,349437.76,1.5,1,-102.0785
31883371,799199.28,349428.7,1.5,1,-101.9963
31883372,799211.58,349435.02,1.5,1,-103.6836
31883373,799223.65,349442.11,1.5,1,-103.5345
31883374,799236.51,349447.65,1.5,1,-102.6892
31883375,799249.8,349452.08,1.5,1,-100.2536
31883376,799263.52,349454.85,1.5,1,-100.7554
31883377,799277.48,349453.83,1.5,1,-99.21481
31883378,799290.75,349449.53,1.5,1,-100.0761
31883379,799301.89,349441.13,1.5,1,-101.691
31883380,799310.05,349429.85,1.5,1,-103.1622
31883381,799315.93,349417.17,1.5,1,-104.2414
31883382,799317.7,349403.31,1.5,1,-105.5985
31883383,799315.31,349389.59,1.5,1,-105.8719
31883384,799310.4,349376.46,1.5,1,-105.0979
31883385,799304.98,349363.51,1.5,1,-106.8604
31883386,799300.5,349350.22,1.5,1,-103.5146
31883387,799297.43,349336.54,1.5,1,-107.2838
31883388,799296.69,349322.55,1.5,1,-105.4356
31883389,799297.59,349308.56,1.5,1,-104.7942
31883390,799300.13,349294.77,1.5,1,-104.6525
31883391,799302.36,349280.9,1.5,1,-105.1512
31883392,799305.04,349267.13,1.5,1,-105.3588
31883393,799307.97,349253.4,1.5,1,-106.0848
31883394,799311.1,349239.72,1.5,1,-106.4433
31883395,799314.36,349226.06,1.5,1,-105.4253
31883396,799317.7,349212.43,1.5,1,-107.4118
31883397,799320.52,349198.71,1.5,1,-108.2142
31883398,799323.71,349185.12,1.5,1,-109.5781
31883399,799327.1,349171.55,1.5,1,-107.1283
31883400,799329.53,349157.78,1.5,1,-108.9745
31883401,799331.1,349143.87,1.5,1,-108.5849
31883402,799330.43,349129.88,1.5,1,-111.7402
31883403,799328.83,349115.95,1.5,1,-112.1696
31883404,799326.2,349102.19,1.5,1,-113.3079
31883405,799320.94,349089.22,1.5,1,-114.0885
31883406,799314.38,349076.81,1.5,1,-113.7756
31883407,799306.69,349065.08,1.5,1,-113.3936
31883408,799298.98,349053.37,1.5,1,-111.1521
31883409,800488.76,349437.95,1.5,1,-97.73088
31883410,800476.97,349445.53,1.5,1,-98.85016
31883411,800464.81,349452.46,1.5,1,-98.48296
31883412,800452.38,349458.96,1.5,1,-96.65987
31883413,800440.39,349466.26,1.5,1,-95.34742
31883414,800428.29,349473.3,1.5,1,-95.70197
31883415,800416.57,349480.96,1.5,1,-94.87104
31883416,800404.11,349487.33,1.5,1,-95.91338
31883417,800391.1,349492.6,1.5,1,-98.59077
31883418,800377.74,349496.8,1.5,1,-95.28152
31883419,800364.03,349499.65,1.5,1,-93.62864
31883420,800350.94,349503,1.5,1,-93.03584
31883421,800337.71,349507.33,1.5,1,-94.909
31883422,800324.33,349511.44,1.5,1,-90.148
31883423,800310.89,349515.32,1.5,1,-95.62258
31883424,800297.13,349514.94,1.5,1,-96.40099
31883425,800288,349504.89,1.5,1,-97.74506
31883426,800282.72,349491.91,1.5,1,-98.04858
31883427,800278.45,349478.57,1.5,1,-100.323
31883428,800274.41,349465.17,1.5,1,-99.76632
31883429,800269.83,349451.95,1.5,1,-101.7804
31883430,800265.16,349438.76,1.5,1,-103.2223
31883431,800261.27,349425.35,1.5,1,-103.3986
31883432,800257.23,349411.92,1.5,1,-102.0417
31883433,800253.92,349398.36,1.5,1,-101.6225
31883434,800255.74,349384.66,1.5,1,-103.8089
31883435,800264.97,349374.5,1.5,1,-103.2917
31883436,800278.43,349373.68,1.5,1,-102.1395
31883437,800289.8,349381.79,1.5,1,-102.9554
31883438,800299.85,349391.53,1.5,1,-101.8893
31883439,800309.73,349401.47,1.5,1,-102.4937
31883440,800319.72,349411.28,1.5,1,-101.1728
31883441,800329.79,349421.03,1.5,1,-100.429
31883442,800339.68,349430.95,1.5,1,-100.3217
31883443,800349.38,349441.06,1.5,1,-99.90982
31883444,800358.99,349451.33,1.5,1,-97.73302
31883445,800368.61,349461.55,1.5,1,-97.00829
31883446,800378.16,349471.87,1.5,1,-97.01849
31883447,800387.6,349482.3,1.5,1,-91.49514
31883448,800396.56,349493.08,1.5,1,-97.37175
31883449,800405.42,349503.95,1.5,1,-92.10001
31883450,800414.78,349514.39,1.5,1,-93.00048
31883451,800423.89,349525.07,1.5,1,-99.34345
31883452,800433.11,349535.67,1.5,1,-96.01731
31883453,800442.1,349546.45,1.5,1,-96.45381
31883454,800451.15,349557.2,1.5,1,-97.2986
31883455,800460.16,349567.94,1.5,1,-96.65833
31883456,800469.01,349578.89,1.5,1,-96.64896
31883457,800477.97,349589.68,1.5,1,-98.89902
31883458,800486.89,349600.54,1.5,1,-99.08379
31883459,800495.67,349611.47,1.5,1,-99.32624
31883460,800504.38,349622.51,1.5,1,-98.80158
31883461,800513.44,349633.19,1.5,1,-98.53876
31883462,800522.81,349643.64,1.5,1,-100.5399
31883463,800532.46,349653.83,1.5,1,-99.74886
31883464,800542.4,349663.75,1.5,1,-99.91833
31883465,800530.24,349589.95,1.5,1,-97.75116
31883466,800521.3,349579.13,1.5,1,-96.67062
31883467,800512.34,349568.28,1.5,1,-98.19725
31883468,800503.54,349557.31,1.5,1,-98.568
31883469,800495.32,349545.89,1.5,1,-97.82842
31883470,800486.52,349534.94,1.5,1,-99.25104
31883471,800477.96,349523.83,1.5,1,-98.17961
31883472,800469.35,349512.72,1.5,1,-95.54749
31883473,800460.38,349501.91,1.5,1,-97.74435
31883474,800451.29,349491.22,1.5,1,-98.22694
31883475,800442.32,349480.43,1.5,1,-95.76697
31883476,800433.24,349469.7,1.5,1,-94.57009
31883477,800424.14,349458.99,1.5,1,-92.8225
31883478,800415.21,349448.2,1.5,1,-95.61952
31883479,800406.37,349437.34,1.5,1,-97.16562
31883480,800397.32,349426.62,1.5,1,-96.34177
31883481,800388.42,349415.8,1.5,1,-98.66193
31883482,800380.48,349404.22,1.5,1,-98.89774
31883483,800374.7,349391.44,1.5,1,-99.77959
31883484,800371.31,349377.84,1.5,1,-100.8439
31883485,800369.82,349363.88,1.5,1,-99.75365
31883486,800369.29,349349.86,1.5,1,-99.90752
31883487,800369.63,349335.84,1.5,1,-100.7428
31883488,800370.21,349321.83,1.5,1,-100.9681
31883489,800370.96,349307.85,1.5,1,-100.2764
31883490,800373.9,349294.2,1.5,1,-100.33
31883491,800379.23,349281.29,1.5,1,-101.0272
31883492,800388.92,349271.3,1.5,1,-100.0754
31883493,800401.7,349266.1,1.5,1,-100.6735
31883494,800490.82,349439.9,1.5,1,-100.3831
31883495,800479.44,349448.06,1.5,1,-100.0601
31883496,800467.33,349455.1,1.5,1,-97.4313
31883497,800455.42,349462.49,1.5,1,-96.53761
31883498,800443.62,349470.03,1.5,1,-94.37126
31883499,800431.12,349476.35,1.5,1,-88.425
31883500,800418.66,349482.73,1.5,1,-90.32351
31883501,800405.8,349488.23,1.5,1,-93.23994
31883502,800393,349493.92,1.5,1,-91.94514
31883503,800380.65,349500.51,1.5,1,-91.22672
31883504,800367.33,349504.81,1.5,1,-93.76708
31883505,800353.91,349508.77,1.5,1,-90.47864
31883506,800341.59,349513.26,1.5,1,-92.36226
31883507,800328.2,349517.37,1.5,1,-92.11584
31883508,800314.91,349521.76,1.5,1,-88.1087
31883509,800301.53,349525.9,1.5,1,-87.66608
31883510,800288.16,349530.13,1.5,1,-89.17959
31883511,800274.66,349533.94,1.5,1,-91.74837
31883512,800261.21,349537.93,1.5,1,-94.53574
31883513,800247.75,349541.88,1.5,1,-91.19209
31883514,800234.34,349545.95,1.5,1,-92.08893
31883515,800220.86,349549.82,1.5,1,-91.05019
31883516,800207.38,349553.67,1.5,1,-91.83151
31883517,800194.13,349558.35,1.5,1,-93.8627
31883518,800180.66,349562.21,1.5,1,-93.62915
31883519,800167.27,349566.41,1.5,1,-93.89726
31883520,800153.67,349569.78,1.5,1,-89.19883
31883521,800139.91,349572.47,1.5,1,-89.83858
31883522,800126.01,349574.55,1.5,1,-90.95147
31883523,800112.21,349577.15,1.5,1,-90.01228
31883524,800098.45,349579.82,1.5,1,-92.16797
31883525,800084.56,349581.72,1.5,1,-88.26775
31883526,800070.65,349583.43,1.5,1,-87.27944
31883527,800056.7,349584.74,1.5,1,-86.27335
31883528,800042.66,349585.21,1.5,1,-86.60296
31883529,800028.65,349585.98,1.5,1,-88.94485
31883530,800014.66,349586.72,1.5,1,-87.26109
31883531,799944.92,349593.72,1.5,1,-77.62047
31883532,799930.91,349593.44,1.5,1,-72.59267
31883533,799917.1,349591.3,1.5,1,-74.7338
31883534,799903.15,349592.65,1.5,1,-68.34039
31883535,799889.32,349594.95,1.5,1,-75.71394
31883536,799875.73,349598.39,1.5,1,-69.85915
31883537,799862.35,349602.48,1.5,1,-74.66283
31883538,799849.02,349606.76,1.5,1,-73.07327
31883539,799835.82,349611.28,1.5,1,-74.3652
31883540,799822.99,349616.3,1.5,1,-71.8632
31883541,799810.27,349622.13,1.5,1,-71.96103
31883542,799797.7,349628.31,1.5,1,-75.78672
31883543,799785.46,349635.18,1.5,1,-74.89729
31883544,799773.16,349641.91,1.5,1,-75.97121
31883545,799760.84,349648.61,1.5,1,-75.53304
31883546,799748.75,349655.67,1.5,1,-75.51199
31883547,799736.88,349663.1,1.5,1,-73.3388
31883548,799725.29,349670.97,1.5,1,-73.03285
31883549,799713.14,349678,1.5,1,-74.21712
31883550,799700.73,349684.44,1.5,1,-76.83557
31883551,799688.21,349690.74,1.5,1,-79.03695
31883552,799675.95,349697.58,1.5,1,-77.21383
31883553,799664.38,349705.49,1.5,1,-78.71469
31883554,799652.5,349712.96,1.5,1,-77.92555
31883555,799640.63,349720.42,1.5,1,-77.33891
31883556,799628.58,349727.56,1.5,1,-78.34438
31883557,799616.77,349735.07,1.5,1,-79.72739
31883558,799605.09,349742.83,1.5,1,-77.17162
31883559,799597.69,349752.67,1.5,1,-80.3333
31883560,799587.39,349762.09,1.5,1,-80.19257
31883561,799576.5,349770.89,1.5,1,-82.55579
31883562,799565.02,349778.9,1.5,1,-82.72586
31883563,799552.99,349786.11,1.5,1,-85.71448
31883564,799541.1,349793.55,1.5,1,-88.98611
31883565,799529.22,349800.99,1.5,1,-88.70618
31883566,799517.12,349808.09,1.5,1,-87.8336
31883567,799505,349815.1,1.5,1,-88.32723
31883568,799492.72,349821.92,1.5,1,-89.47623
31883569,799480.2,349828.33,1.5,1,-89.96803
31883570,799467.85,349834.93,1.5,1,-90.13273
31883571,799442.6,349847.12,1.5,1,-88.25361
31883572,799429.52,349852.21,1.5,1,-91.77539
31883573,799416.36,349857.07,1.5,1,-91.43763
31883574,799403.09,349861.55,1.5,1,-93.3731
31883575,799389.69,349865.69,1.5,1,-96.32133
31883576,799376.35,349870.12,1.5,1,-93.20177
31883577,799362.95,349874.31,1.5,1,-95.55309
31883578,799349.48,349878.23,1.5,1,-94.95216
31883579,799335.79,349881.34,1.5,1,-94.16517
31883580,799321.88,349883.16,1.5,1,-96.26083
31883581,799307.89,349882.84,1.5,1,-97.40171
31883582,799294.66,349878.48,1.5,1,-96.79864
31883583,799283.14,349870.65,1.5,1,-93.2854
31883584,799274,349860.11,1.5,1,-95.55874
31883585,799269.01,349847.13,1.5,1,-97.25465
31883586,799268.22,349833.12,1.5,1,-99.10477
31883587,799268.98,349819.17,1.5,1,-92.9008
31883588,799271.38,349805.34,1.5,1,-93.49873
31883589,799274.57,349791.69,1.5,1,-92.12168
31883590,799278.47,349778.2,1.5,1,-93.32817
31883591,799282.59,349764.76,1.5,1,-93.13637
31883592,799286.63,349751.31,1.5,1,-92.38469
31883593,799290.92,349737.99,1.5,1,-92.63561
31883594,799295.55,349724.77,1.5,1,-92.7197
31883595,799300.19,349711.5,1.5,1,-92.958
31883596,799304.9,349698.25,1.5,1,-93.26314
31883597,799309.61,349685.05,1.5,1,-91.58774
31883598,799314.46,349671.88,1.5,1,-90.95945
31883599,799319.4,349658.76,1.5,1,-91.33184
31883600,799324.47,349645.67,1.5,1,-92.97269
31883601,799330.35,349632.92,1.5,1,-95.05103
31883602,799335.07,349619.71,1.5,1,-94.13707
31883603,799340.47,349606.8,1.5,1,-92.96858
31883604,799345.42,349593.64,1.5,1,-93.65755
31883605,799350.86,349580.74,1.5,1,-94.37714
31883606,799356.1,349567.73,1.5,1,-93.01128
31883607,799361.41,349554.74,1.5,1,-94.72984
31883608,799366.82,349541.81,1.5,1,-96.19692
31883609,799371.83,349528.72,1.5,1,-97.15272
31883610,799377.24,349515.79,1.5,1,-98.50956
31883611,799382.04,349502.59,1.5,1,-103.1896
31883612,799386.86,349489.43,1.5,1,-104.8118
31883613,799392.28,349476.51,1.5,1,-104.2192
31883614,799397.25,349463.42,1.5,1,-104.8195
31883615,799402.73,349450.51,1.5,1,-105.0695
31883616,799408.21,349437.61,1.5,1,-105.0321
31883617,799413.26,349424.53,1.5,1,-106.7535
31883618,799375.23,349005.52,1.5,1,-107.3797
31883619,799379.03,349019.03,1.5,1,-107.187
31883620,799382.64,349032.61,1.5,1,-106.4245
31883621,799385.91,349046.25,1.5,1,-107.9094
31883622,799389.16,349059.92,1.5,1,-109.6222
31883623,799392.8,349073.47,1.5,1,-108.6443
31883624,799396.4,349087.01,1.5,1,-109.3332
31883625,799399.88,349100.64,1.5,1,-109.9751
31883626,799403.5,349114.17,1.5,1,-108.2706
31883627,799406.58,349127.83,1.5,1,-107.1234
31883628,799409.8,349141.49,1.5,1,-107.8273
31883629,799413.55,349155,1.5,1,-105.5165
31883630,799416.63,349168.68,1.5,1,-104.6295
31883631,799420.32,349182.2,1.5,1,-105.7158
31883632,799423.46,349195.91,1.5,1,-104.752
31883633,799426.44,349209.63,1.5,1,-103.484
31883634,799428.97,349223.46,1.5,1,-103.3139
31883635,799430.86,349237.38,1.5,1,-100.2401
31883636,799432.08,349251.39,1.5,1,-100.6881
31883637,799432.8,349265.39,1.5,1,-99.95148
31883638,799433.43,349279.43,1.5,1,-100.4547
31883639,799433.39,349293.45,1.5,1,-99.85821
31883640,799431.86,349307.4,1.5,1,-96.73366
31883641,799430.25,349321.36,1.5,1,-99.48856
31883642,799427.37,349335.1,1.5,1,-100.126
31883643,799423.53,349348.6,1.5,1,-101.9638
31883644,799419.3,349361.96,1.5,1,-101.5975
31883645,799414.85,349375.28,1.5,1,-102.6518
31883646,799410.2,349388.52,1.5,1,-101.1849
31883647,799404.72,349401.42,1.5,1,-101.571
31883648,799399.73,349414.52,1.5,1,-103.6292
31883649,799394.73,349427.64,1.5,1,-103.5586
31883650,799389.63,349440.71,1.5,1,-103.6519
31883651,799384.55,349453.79,1.5,1,-104.3086
31883652,799379.49,349466.9,1.5,1,-103.3272
31883653,799374.41,349480,1.5,1,-101.0974
31883654,799368.59,349492.77,1.5,1,-98.725
31883655,799363.55,349505.88,1.5,1,-98.50498
31883656,799358.19,349518.81,1.5,1,-101.7557
31883657,799352.85,349531.76,1.5,1,-97.36826
31883658,799348,349544.94,1.5,1,-95.94527
31883659,799342.62,349557.87,1.5,1,-96.73496
31883660,799337.86,349571.04,1.5,1,-94.68449
31883661,799333.22,349584.29,1.5,1,-94.74958
31883662,799327.83,349597.24,1.5,1,-91.95466
31883663,799322.99,349610.38,1.5,1,-94.26957
31883664,799317.5,349623.3,1.5,1,-93.16463
31883665,799312.5,349636.4,1.5,1,-92.82281
31883666,799306.95,349649.25,1.5,1,-92.38583
31883667,799301.56,349662.19,1.5,1,-91.89359
31883668,799295.69,349674.94,1.5,1,-91.71751
31883669,799290.51,349687.96,1.5,1,-91.71012
31883670,799284.68,349700.72,1.5,1,-91.77928
31883671,799278.96,349713.52,1.5,1,-93.71633
31883672,799273.73,349726.53,1.5,1,-93.81486
31883673,799269.01,349739.72,1.5,1,-94.02448
31883674,799264.43,349753.01,1.5,1,-93.97574
31883675,799259.97,349766.32,1.5,1,-93.95652
31883676,799255.62,349779.65,1.5,1,-91.76845
31883677,799252.05,349793.24,1.5,1,-92.49676
31883678,799248.77,349806.9,1.5,1,-93.36776
31883679,799246.11,349820.67,1.5,1,-96.87389
31883680,799243.16,349834.39,1.5,1,-94.89715
31883681,799240.45,349848.16,1.5,1,-93.77718
31883682,799238.49,349862.06,1.5,1,-95.10558
31883683,799236.93,349875.97,1.5,1,-95.843
31883684,799235.62,349889.92,1.5,1,-94.40151
31883685,799234.71,349903.95,1.5,1,-93.44596
31883686,799233.2,349917.91,1.5,1,-95.04041
31883687,799232.39,349931.93,1.5,1,-96.32093
31883688,799231.58,349945.95,1.5,1,-98.24335
31883689,799230.76,349959.97,1.5,1,-95.80045
31883690,799229.91,349974,1.5,1,-97.27256
31883691,799229.05,349988.01,1.5,1,-100.3641
31883692,799228.16,350002.04,1.5,1,-100.2783
31883693,799227.27,350016.03,1.5,1,-100.7062
31883694,799225.75,350029.99,1.5,1,-101.0965
31883695,799223.98,350043.92,1.5,1,-102.481
31883696,799222.21,350057.82,1.5,1,-104.9018
31883697,799219.73,350071.63,1.5,1,-103.2873
31883698,799217.01,350085.38,1.5,1,-101.4974
31883699,799213.53,350099,1.5,1,-101.5544
31883700,799209.07,350112.31,1.5,1,-100.9584
31883701,799205.17,350125.8,1.5,1,-101.875
31883702,799200.35,350138.98,1.5,1,-100.8313
31883703,799195.04,350151.95,1.5,1,-102.1751
31883704,799189.8,350164.96,1.5,1,-102.8516
31883705,799183.48,350177.48,1.5,1,-107.6909
31883706,799176.7,350189.78,1.5,1,-107.3135
31883707,799169.61,350201.86,1.5,1,-104.0839
31883708,799162.33,350213.83,1.5,1,-106.9968
31883709,799153.86,350224.96,1.5,1,-110.0914
31883710,799144.61,350235.55,1.5,1,-109.2912
31883711,799794.63,349728.69,1.5,1,-71.88183
31883712,799790.42,349715.65,1.5,1,-74.7259
31883713,799784.48,349703.22,1.5,1,-72.46091
31883714,799779.08,349690.31,1.5,1,-67.96586
31883715,799774.85,349677.12,1.5,1,-67.65176
31883716,799768.2,349664.8,1.5,1,-66.83882
31883717,799758.61,349655.44,1.5,1,-67.09485
31883718,799745.6,349658,1.5,1,-67.11404
31883719,799733.38,349664.83,1.5,1,-66.62154
31883720,799720.95,349671.32,1.5,1,-68.49689
31883721,799709.02,349678.69,1.5,1,-69.55106
31883722,799696.92,349685.79,1.5,1,-72.28866
31883723,799684.86,349692.97,1.5,1,-71.4675
31883724,799672.58,349699.7,1.5,1,-71.90203
31883725,799660.62,349707.01,1.5,1,-71.48492
31883726,799649.64,349715.71,1.5,1,-70.68008
31883727,799638.65,349724.4,1.5,1,-71.73687
31883728,799626.82,349731.87,1.5,1,-73.74016
31883729,799616.45,349740.15,1.5,1,-77.19598
31883730,799609.48,349751.19,1.5,1,-71.11462
31883731,799598.86,349760.32,1.5,1,-72.19638
31883732,799593.39,349772.59,1.5,1,-71.40859
31883733,799594.65,349786.47,1.5,1,-74.0237
31883734,799597.36,349800.21,1.5,1,-74.398
31883735,799600.04,349813.96,1.5,1,-80.76794
31883736,799603.33,349827.57,1.5,1,-84.86564
31883737,799605.01,349841.5,1.5,1,-84.88212
31883738,799605.35,349855.49,1.5,1,-83.8035
31883739,799607,349869.41,1.5,1,-86.79452
31883740,799609.23,349883.28,1.5,1,-89.10722
31883741,799610.35,349897.27,1.5,1,-90.08135
31883742,799612.62,349911.04,1.5,1,-91.39487
31883743,799615.89,349924.65,1.5,1,-90.2596
31883744,799619.2,349938.27,1.5,1,-91.58379
31883745,799627.43,349965.07,1.5,1,-94.25016
31883746,799633.89,349977.5,1.5,1,-91.59265
31883747,799638.42,349990.66,1.5,1,-91.65923
31883748,799641.16,350004.37,1.5,1,-94.04132
31883749,799644.51,350017.72,1.5,1,-93.89832
31883750,799646.78,350031.43,1.5,1,-93.17527
31883751,799646.66,350045.12,1.5,1,-89.78917
31883752,799649.55,350058.8,1.5,1,-92.64418
31883753,799651.84,350072.61,1.5,1,-90.8811
31883754,799655.76,350085.9,1.5,1,-89.19168
31883755,799658.97,350099.49,1.5,1,-90.79356
31883756,799661.49,350113.28,1.5,1,-92.04144
31883757,799664.07,350127.05,1.5,1,-90.85544
31883758,799665.68,350140.92,1.5,1,-88.93156
31883759,799667.75,350154.49,1.5,1,-93.44716
31883760,799669.6,350168.18,1.5,1,-92.51457
31883761,799670.8,350182.1,1.5,1,-94.07625
31883762,799671.9,350196.05,1.5,1,-93.12554
31883763,799673.1,350209.97,1.5,1,-95.0984
31883764,799674.54,350223.84,1.5,1,-95.30055
31883765,799675.35,350237.75,1.5,1,-92.46565
31883766,799676.43,350251.64,1.5,1,-91.96333
31883767,799678.52,350265.5,1.5,1,-94.49701
31883768,799679.49,350279.44,1.5,1,-101.5256
31883769,799681.21,350293.34,1.5,1,-97.11633
31883770,799683.57,350307.14,1.5,1,-95.15411
31883771,799691.66,350312.35,1.5,1,-106.9628
31883772,799703.16,350313.66,1.5,1,-108.0145
31883773,799713.84,350309.53,1.5,1,-108.3007
31883774,799725.02,350307.04,1.5,1,-109.8817
31883775,799732.81,350332.13,1.5,1,-107.6348
31883776,799735.36,350345.02,1.5,1,-106.4225
31883777,799736.13,350358.82,1.5,1,-108.0581
31883778,799736.31,350372.79,1.5,1,-104.9612
31883779,799738.51,350385.84,1.5,1,-105.8988
31883780,799726.83,350389.57,1.5,1,-106.5483
31883781,799713.18,350392.62,1.5,1,-108.2752
31883782,799702.97,350398.78,1.5,1,-100.6267
31883783,799696.97,350410.94,1.5,1,-100.9779
31883784,799696.93,350424.96,1.5,1,-102.6302
31883785,799697.74,350438.95,1.5,1,-95.48011
31883786,799697.8,350452.96,1.5,1,-100.3836
31883787,799698.51,350466.95,1.5,1,-97.52345
31883788,799699.33,350480.91,1.5,1,-102.0795
31883789,799699.84,350494.9,1.5,1,-106.4274
31883790,799700.96,350508.89,1.5,1,-101.1638
31883791,799872.4,350495.74,1.5,1,-107.5519
31883792,799880.37,350485.38,1.5,1,-108.7552
31883793,799889.14,350474.57,1.5,1,-105.2316
31883794,799916,350444.38,1.5,1,-104.581
31883795,799919.25,350431.44,1.5,1,-101.8728
31883796,799920.13,350417.67,1.5,1,-102.6647
31883797,799919.33,350403.81,1.5,1,-102.8704
31883798,799918.5,350389.99,1.5,1,-100.6305
31883799,799917.7,350376.17,1.5,1,-98.93745
31883800,799916.89,350362.23,1.5,1,-99.94849
31883801,799916.08,350348.3,1.5,1,-102.1053
31883802,799914.19,350334.49,1.5,1,-98.96652
31883803,799912.75,350320.62,1.5,1,-96.87528
31883804,799911.94,350306.67,1.5,1,-97.45963
31883805,799910.86,350292.75,1.5,1,-97.67829
31883806,799908.62,350279.05,1.5,1,-97.45063
31883807,799909.22,350265.18,1.5,1,-100.1551
31883808,799907.94,350251.31,1.5,1,-100.3839
31883809,799906.89,350237.43,1.5,1,-99.23125
31883810,799904.84,350223.87,1.5,1,-96.50486
31883811,799904.55,350210.12,1.5,1,-91.97679
31883812,799903.17,350196.33,1.5,1,-97.30663
31883813,799901.23,350182.53,1.5,1,-97.28134
31883814,799898.74,350168.79,1.5,1,-95.22037
31883815,799896.93,350154.88,1.5,1,-95.5953
31883816,799895.39,350140.97,1.5,1,-94.44588
31883817,799893.88,350127.08,1.5,1,-94.33697
31883818,799892.63,350113.15,1.5,1,-94.50521
31883819,799891.26,350099.25,1.5,1,-93.7336
31883820,799889.47,350085.45,1.5,1,-94.29345
31883821,799887.94,350071.64,1.5,1,-87.19963
31883822,799887.98,350057.9,1.5,1,-87.52241
31883823,799888.02,350043.9,1.5,1,-82.76623
31883824,799886.76,350029.98,1.5,1,-88.42767
31883825,799885.82,350016.04,1.5,1,-84.12712
31883826,799884.15,350002.14,1.5,1,-83.97604
31883827,799881.83,349988.33,1.5,1,-81.43618
31883828,799880.51,349974.38,1.5,1,-79.10796
31883829,799878.38,349960.53,1.5,1,-81.06802
31883830,799876.22,349946.69,1.5,1,-76.9309
31883831,799872.64,349933.18,1.5,1,-78.51558
31883832,799867.57,349920.11,1.5,1,-71.72868
31883833,799862.23,349907.16,1.5,1,-70.78114
31883834,799856.68,349894.27,1.5,1,-69.60406
31883835,799851.42,349881.29,1.5,1,-71.47091
31883836,799846.45,349868.18,1.5,1,-69.12915
31883837,799840.92,349855.31,1.5,1,-68.51386
31883838,799835.77,349842.31,1.5,1,-68.61547
31883839,799830.73,349829.3,1.5,1,-72.84505
31883840,799824.89,349816.6,1.5,1,-67.52977
31883841,799818.91,349803.98,1.5,1,-68.91287
31883842,799813.26,349791.21,1.5,1,-68.70877
31883843,799807.16,349778.64,1.5,1,-73.70369
31883844,799802.05,349765.63,1.5,1,-68.69748
31883845,799803.07,349752.93,1.5,1,-71.88907
31883846,799813.89,349744.34,1.5,1,-75.22791
31883847,799827.15,349739.84,1.5,1,-74.94394
31883848,799840.28,349734.99,1.5,1,-73.39686
31883849,799853.01,349729.21,1.5,1,-66.16697
31883850,799866.12,349724.58,1.5,1,-67.64892
31883851,799879.1,349719.77,1.5,1,-68.39883
31883852,799882.36,349709.75,1.5,1,-68.95663
31883853,799870.85,349714.25,1.5,1,-73.1281
31883854,799858.09,349719.78,1.5,1,-66.28041
31883855,799846.05,349726.86,1.5,1,-72.20777
31883856,799834.29,349733.69,1.5,1,-75.19931
31883857,799821.83,349739.79,1.5,1,-72.17927
31883858,799811.85,349747.65,1.5,1,-72.72518
31883859,799801.38,349742.88,1.5,1,-75.04681
31883860,799808.77,349746,1.5,1,-67.93238
31883861,799813.25,349746.12,1.5,1,-73.31555
31883862,799825.74,349741.72,1.5,1,-76.93498
31883863,799837.89,349737.08,1.5,1,-72.87764
31883864,799842.13,349735.2,1.5,1,-73.48632
31883865,799844.29,349731.92,1.5,1,-71.65425
31883866,799857.2,349726.5,1.5,1,-64.04941
31883867,799870.28,349721.66,1.5,1,-68.54167
31883868,799881.73,349720.9,1.5,1,-69.23463
31883869,799885.93,349711.71,1.5,1,-66.38512
31883870,799873.52,349714.51,1.5,1,-66.77448
31883871,799860.85,349720.44,1.5,1,-69.18711
31883872,799848.52,349727.05,1.5,1,-72.24241
31883873,799836.31,349733.5,1.5,1,-74.84576
31883874,799824.44,349739.99,1.5,1,-72.31779
31883875,799811.96,349745.91,1.5,1,-72.5315
31883876,799800.62,349739.89,1.5,1,-68.99581
31883877,799793.27,349728.18,1.5,1,-69.63629
31883878,799787.08,349715.62,1.5,1,-70.2944
31883879,799781.77,349702.71,1.5,1,-68.18556
31883880,799774.92,349690.63,1.5,1,-68.6149
31883881,799767.37,349679.08,1.5,1,-67.76657
31883882,799757.48,349669.55,1.5,1,-67.99253
31883883,799745.25,349663.2,1.5,1,-67.5611
31883884,799732.52,349668.37,1.5,1,-65.904
31883885,799721.18,349676.64,1.5,1,-66.6953
31883886,799709.14,349683.85,1.5,1,-68.18359
31883887,799697.34,349691.41,1.5,1,-69.96165
31883888,799685.4,349698.78,1.5,1,-72.45473
31883889,799673.99,349706.9,1.5,1,-71.62576
31883890,799663.07,349715.67,1.5,1,-84.11124
31883891,799652.61,349724.48,1.5,1,-74.05553
31883892,799640.49,349731.49,1.5,1,-70.81867
31883893,799628.66,349739.02,1.5,1,-71.62536
31883894,799617.25,349747.17,1.5,1,-72.23498
31883895,799605.15,349754.1,1.5,1,-70.55732
31883896,799593.45,349758.86,1.5,1,-72.89976
31883897,799603.07,349766.67,1.5,1,-70.38509
31883898,799615.83,349761.22,1.5,1,-70.05684
31883899,799628.45,349755.15,1.5,1,-69.86745
31883900,799640.16,349747.48,1.5,1,-70.52725
31883901,799651.64,349739.42,1.5,1,-70.65646
31883902,799662.28,349730.31,1.5,1,-69.08485
31883903,799673.35,349721.76,1.5,1,-69.104
31883904,799684.83,349713.73,1.5,1,-69.02689
31883905,799696.01,349705.27,1.5,1,-67.20197
31883906,799708.16,349699.77,1.5,1,-69.69313
31883907,799718.01,349708.73,1.5,1,-68.0541
31883908,799707.57,349715.88,1.5,1,-70.26509
31883909,799851.43,349751.84,1.5,1,-84.06062
31883910,799844.97,349755.95,1.5,1,-81.84315
31883911,799830.24,349735.73,1.5,1,-81.69125
31883912,799766.32,349678.21,1.5,1,-73.48872
31883913,799753.89,349684.72,1.5,1,-74.84379
31883914,799741.58,349691.41,1.5,1,-75.90997
31883915,799729.5,349698.55,1.5,1,-77.90648
31883916,799717.69,349706.1,1.5,1,-79.86826
31883917,799705.61,349713.26,1.5,1,-78.08333
31883918,799693.55,349720.43,1.5,1,-79.97745
31883919,799681.8,349728.1,1.5,1,-78.84843
31883920,799670.45,349736.29,1.5,1,-78.83544
31883921,799658.73,349743.98,1.5,1,-78.84985
31883922,799646.76,349751.3,1.5,1,-78.59184
31883923,799611.25,349773.66,1.5,1,-81.83397
31883924,799599.86,349781.77,1.5,1,-81.17635
31883925,799586.7,349785.45,1.5,1,-84.55849
31883926,799574.41,349792.21,1.5,1,-88.14306
31883927,799562.59,349799.73,1.5,1,-89.4272
31883928,799550.78,349807.25,1.5,1,-89.7625
31883929,799538.96,349814.75,1.5,1,-88.64651
31883930,799526.8,349821.76,1.5,1,-90.76008
31883931,799514.7,349828.85,1.5,1,-88.1928
31883932,799502.46,349835.76,1.5,1,-88.59119
31883933,799490.5,349843.14,1.5,1,-90.43111
31883934,799478.85,349850.92,1.5,1,-89.36696
31883935,799466.27,349856.75,1.5,1,-92.63285
31883936,799452.32,349858.14,1.5,1,-97.37798
31883937,799438.4,349860.11,1.5,1,-99.35571
31883938,799424.36,349860.82,1.5,1,-97.11826
31883939,799410.31,349860.25,1.5,1,-98.59918
31883940,799396.3,349859.42,1.5,1,-98.65392
31883941,799382.41,349857.34,1.5,1,-96.74779
31883942,799368.93,349853.51,1.5,1,-96.61497
31883943,799356.1,349847.88,1.5,1,-94.27689
31883944,799343.44,349841.83,1.5,1,-96.31207
31883945,799330.33,349836.74,1.5,1,-96.5088
31883946,799317.42,349831.19,1.5,1,-94.10953
31883947,799304.12,349826.73,1.5,1,-92.55096
31883948,799290.3,349824.41,1.5,1,-89.55376
31883949,799276.32,349824.65,1.5,1,-90.1659
31883950,799262.64,349827.74,1.5,1,-89.35
31883951,799250.13,349833.85,1.5,1,-88.79459
31883952,799240.61,349844.05,1.5,1,-87.30957
31883953,799233.37,349855.99,1.5,1,-88.75627
31883954,799229.68,349869.45,1.5,1,-90.67664
31883955,799227.89,349883.33,1.5,1,-92.06346
31883956,799226.88,349897.3,1.5,1,-92.58813
31883957,799225.94,349911.3,1.5,1,-91.97982
31883958,799225.05,349925.31,1.5,1,-92.16682
31883959,799224.66,349939.31,1.5,1,-95.29675
31883960,799224.63,349953.37,1.5,1,-97.53019
31883961,799224.59,349967.39,1.5,1,-96.28638
31883962,799224.56,349981.41,1.5,1,-99.67731
31883963,799224.2,349995.42,1.5,1,-102.272
31883964,799223.63,350009.42,1.5,1,-101.8982
31883965,799223.04,350023.42,1.5,1,-101.324
31883966,799221.6,350037.34,1.5,1,-103.5972
31883967,799220.46,350051.31,1.5,1,-105.033
31883968,799218.52,350065.18,1.5,1,-104.4271
31883969,799215.82,350078.97,1.5,1,-103.4679
31883970,799212.55,350092.64,1.5,1,-102.8701
31883971,799209.16,350106.23,1.5,1,-103.1685
31883972,799205.11,350119.68,1.5,1,-101.7729
31883973,799200.94,350133.07,1.5,1,-101.6476
31883974,799195.94,350146.2,1.5,1,-102.5145
31883975,799190.72,350159.23,1.5,1,-100.4582
31883976,799184.77,350171.9,1.5,1,-105.7225
31883977,799178.55,350184.5,1.5,1,-105.9215
31883978,799171.42,350196.59,1.5,1,-99.55331
31883979,799164.11,350208.55,1.5,1,-106.1799
31883980,799156.74,350220.51,1.5,1,-108.6338
31883981,799148.84,350232.1,1.5,1,-112.4655
31883982,799809.03,349741.89,1.5,1,-83.1
31883983,799785.25,349699.73,1.5,1,-78.54
31883984,799776.55,349688.77,1.5,1,-74.73889
31883985,799770.29,349675.38,1.5,1,-78.58571
31883986,799764.38,349662.38,1.5,1,-77.96154
31883987,799758.83,349649.43,1.5,1,-77.69231
31883988,799753.3,349635.61,1.5,1,-85.47693
31883989,799746.66,349622.1,1.5,1,-86.90769
31883990,799741.24,349608.61,1.5,1,-80.80666
31883991,799736.06,349595.39,1.5,1,-83.4875
31883992,799730.52,349582.33,1.5,1,-83.62
31883993,799725.46,349568.5,1.5,1,-84.8
31883994,799719.2,349555.71,1.5,1,-83.50588
31883995,799713.77,349542.37,1.5,1,-84.42084
31883996,799707.98,349529.54,1.5,1,-86.46154
31883997,799703.9,349515.74,1.5,1,-84.275
31883998,799697.63,349502.59,1.5,1,-82.73077
31883999,799690.13,349490.76,1.5,1,-87.75555
31884000,799681.08,349479.8,1.5,1,-84.8
31884001,799676.72,349466.62,1.5,1,-87.95454
31884002,799669.74,349453.93,1.5,1,-87.61501
31884003,799662.39,349441.74,1.5,1,-88.70083
31884004,799654.41,349429.9,1.5,1,-90.735
31884005,799647.21,349417.83,1.5,1,-91.84286
31884006,799644.96,349403.1,1.5,1,-88.87857
31884007,799644.71,349388.17,1.5,1,-93.07368
31884008,799647.05,349374.09,1.5,1,-91.61524
31884009,799646.23,349360.16,1.5,1,-90.16666
31884010,799647,349345.87,1.5,1,-91.26667
31884011,799650.55,349331.49,1.5,1,-91.72857
31884012,799653.98,349317.12,1.5,1,-88.86875
31884013,799659.75,349303.89,1.5,1,-91.595
31884014,799665.09,349290.58,1.5,1,-92.05518
31884015,799667.67,349276.82,1.5,1,-93.55714
31884016,799665.16,349263.15,1.5,1,-94.33816
31884017,799661.26,349250.4,1.5,1,-96.1303
31884018,799660.85,349236.32,1.5,1,-95.092
31884019,799663.56,349222.86,1.5,1,-96.0625
31884020,799658.07,349210.62,1.5,1,-98.93838
31884021,799646.15,349204.64,1.5,1,-99.63287
31884022,799632.32,349202.37,1.5,1,-94.40909
31884023,799618.53,349198.88,1.5,1,-96.09688
31884024,799607.02,349192.46,1.5,1,-93.1862
31884025,799602.5,349180.67,1.5,1,-93.27292
31884026,799591.31,349172.32,1.5,1,-96.83244
31884027,799553.41,349158.09,1.5,1,-103.0068
31884028,799541.06,349151.8,1.5,1,-103.9678
31884029,799532.1,349153.7,1.5,1,-105.2644
31884030,799525.98,349165.94,1.5,1,-103.6944
31884031,799519.53,349179.14,1.5,1,-106.552
31884032,799513.86,349191.93,1.5,1,-106.9031
31884033,799511.7,349205.63,1.5,1,-105.5609
31884034,799512.27,349219.55,1.5,1,-106.3154
31884035,799512.76,349234.14,1.5,1,-108.7083
31884036,799513.29,349248.33,1.5,1,-108.2541
31884037,799512.4,349262.3,1.5,1,-103.4855
31884038,799513.5,349274.56,1.5,1,-102.8182
31884039,799513.3,349288.45,1.5,1,-103.1313
31884040,799512.38,349302.48,1.5,1,-102.753
31884041,799511.45,349316.5,1.5,1,-102.472
31884042,799510.53,349330.58,1.5,1,-103.8234
31884043,799511.09,349344.46,1.5,1,-108.7897
31884044,799513,349357.31,1.5,1,-108.4564
31884045,799512.97,349370.35,1.5,1,-101.9917
31884046,799512.94,349383.84,1.5,1,-107.0116
31884047,799510.35,349397.11,1.5,1,-104.0561
31884048,799503.12,349408.46,1.5,1,-102.2089
31884049,799509.58,349417.74,1.5,1,-103.5732
31884050,799523.52,349417.46,1.5,1,-106.1429
31884051,799535.77,349416,1.5,1,-105.0673
31884052,799549.46,349416.41,1.5,1,-102.9439
31884053,799563.41,349415.59,1.5,1,-102.1391
31884054,799575.76,349421.5,1.5,1,-101.719
31884055,799588.86,349419.71,1.5,1,-101.836
31884056,799600.75,349416.3,1.5,1,-101.1276
31884057,799614.68,349418.8,1.5,1,-92.46429
31884058,799628.5,349419.2,1.5,1,-87.7875
31884059,799637.74,349408.55,1.5,1,-87.99375
31884060,799639.72,349393.78,1.5,1,-84.99334
31884061,799641.08,349379.46,1.5,1,-89.43044
31884062,799641.12,349365.34,1.5,1,-91.84286
31884063,799672.95,349199.08,1.5,1,-96.82941
31884064,799677.96,349185.35,1.5,1,-96.66666
31884065,799681.88,349171.92,1.5,1,-97.90869
31884066,799685.47,349157.93,1.5,1,-99.485
31884067,799688.26,349144.13,1.5,1,-98.66428
31884068,799690.96,349130.49,1.5,1,-101.5661
31884069,799691.84,349116.58,1.5,1,-96.77218
31884070,799691.73,349104.32,1.5,1,-98.77129
31884071,799697.71,349096.66,1.5,1,-101.3553
31884072,799710.56,349096.95,1.5,1,-100.5089
31884073,799733.26,349083.82,1.5,1,-99.71782
31884074,799739.96,349075.47,1.5,1,-103.6276
31884075,799748.79,349079.36,1.5,1,-100.5247
31884076,799752.16,349092.72,1.5,1,-101.018
31884077,799772.93,349099.05,1.5,1,-103.5108
31884078,799783.54,349092.27,1.5,1,-103.9049
31884079,799794.92,349086.98,1.5,1,-104.3455
31884080,799809.02,349090.34,1.5,1,-103.5524
31884081,799818.75,349100.94,1.5,1,-103.275
31884082,799832.87,349102.49,1.5,1,-101.7364
31884083,799846.86,349103.16,1.5,1,-99.1125
31884084,799861.82,349102.33,1.5,1,-100.9809
31884085,799875.79,349101.25,1.5,1,-100.7323
31884086,799889.62,349097.31,1.5,1,-100.6774
31884087,799903.33,349093.79,1.5,1,-100.02
31884088,799917.16,349094.07,1.5,1,-102.6629
31884089,799929.87,349099.93,1.5,1,-99.09524
31884090,799932.85,349113.91,1.5,1,-102.8929
31884091,799932.82,349128.6,1.5,1,-102.5417
31884092,799931.33,349142.79,1.5,1,-101.6583
31884093,799931.05,349157.33,1.5,1,-104.1308
31884094,799930.28,349172.16,1.5,1,-103.325
31884095,799930.98,349186.57,1.5,1,-101.2364
31884096,799931.3,349201.74,1.5,1,-102.74
31884097,799931.74,349216.44,1.5,1,-99.55454
31884098,799931.7,349231.33,1.5,1,-99.97501
31884099,799931.67,349246.35,1.5,1,-95.51429
31884100,799930.78,349261.17,1.5,1,-95.07364
31884101,799928.68,349274.89,1.5,1,-89.76466
31884102,799919.81,349284.63,1.5,1,-93.55937
31884103,799906.94,349288.23,1.5,1,-94.18803
31884104,799893.71,349293.03,1.5,1,-95.76306
31884105,799879.9,349294.18,1.5,1,-100.1445
31884106,799867.64,349296.81,1.5,1,-99.44658
31884107,799854.91,349301.54,1.5,1,-96.08137
31884108,799841.99,349303.32,1.5,1,-97.87319
31884109,799828.71,349307.2,1.5,1,-99.42876
31884110,799815.52,349311.28,1.5,1,-97.31209
31884111,799802.37,349314.56,1.5,1,-90.82286
31884112,799789.01,349318.88,1.5,1,-93.90862
31884113,799775.2,349322.48,1.5,1,-90.41122
31884114,799761.73,349324.59,1.5,1,-89.18289
31884115,799748.77,349323.37,1.5,1,-93.31739
31884116,799734.46,349321.8,1.5,1,-91.16666
31884117,799720.17,349320.1,1.5,1,-92.89545
31884118,799705.98,349318.38,1.5,1,-95.36224
31884119,799692.52,349317.73,1.5,1,-95.4
31884120,799678.17,349315.96,1.5,1,-93.525
31884121,799663.81,349314.73,1.5,1,-94.92609
31884122,799649.38,349316.02,1.5,1,-93.55
31884123,799497.47,349458.13,1.5,1,-102.0375
31884124,799497.43,349473.18,1.5,1,-101.8
31884125,799497.03,349488.39,1.5,1,-98.9875
31884126,799496.5,349503.25,1.5,1,-95.8625
31884127,799496.46,349517.98,1.5,1,-92.35
31884128,799497.16,349532.56,1.5,1,-94.325
31884129,799498.08,349547.54,1.5,1,-92.9125
31884130,799497.52,349562.6,1.5,1,-91.8625
31884131,799500.31,349576.4,1.5,1,-89.64285
31884132,799504.52,349590.24,1.5,1,-93.58571
31884133,799508.97,349604.13,1.5,1,-90.95715
31884134,799515.12,349618.17,1.5,1,-87.67143
31884135,799522.71,349632.02,1.5,1,-86.31429
31884136,799530.08,349644.99,1.5,1,-87.875
31884137,799536.42,349658.37,1.5,1,-89.93333
31884138,799542.74,349672.19,1.5,1,-83.44
31884139,799548.96,349686.08,1.5,1,-85.80909
31884140,799554.78,349699.8,1.5,1,-84.36667
31884141,799560.94,349713.49,1.5,1,-85.86429
31884142,799567.63,349726.69,1.5,1,-80.38947
31884143,799574.33,349739.17,1.5,1,-89.38513
31884144,799580.25,349749.53,1.5,1,-80.40371
31884145,799582.95,349761.72,1.5,1,-82.81176
31884146,799585.51,349776.05,1.5,1,-84.02105
31884147,799588.63,349790.08,1.5,1,-81.17619
31884148,799590.65,349804.03,1.5,1,-83.09535
31884149,799594.98,349817.33,1.5,1,-83.67632
31884150,799598.94,349830.93,1.5,1,-91.78194
31884151,799600,349844.29,1.5,1,-94.99357
31884152,799605.42,349857.05,1.5,1,-94.50989
31884153,799613.76,349866.94,1.5,1,-97.30513
31884154,799626.24,349871.22,1.5,1,-96.93991
31884155,799637.25,349878.87,1.5,1,-99.83542
31884156,799647.16,349888.49,1.5,1,-97.17059
31884157,799643.14,349900.81,1.5,1,-100.466
31884158,799641.16,349911.83,1.5,1,-98.25839
31884159,799636.65,349924.35,1.5,1,-99.64343
31884160,799635.88,349936.89,1.5,1,-100.6013
31884161,799637.44,349948.8,1.5,1,-98.76863
31884162,799640.91,349962.2,1.5,1,-101.595
31884163,799641.24,349975.47,1.5,1,-99.5564
31884164,799642.91,349989.44,1.5,1,-103.7615
31884165,799645.42,350003.16,1.5,1,-101.8192
31884166,799647.8,350015.1,1.5,1,-103.1605
31884167,799651.54,350027.75,1.5,1,-101.9535
31884168,799654.89,350041.21,1.5,1,-97.63889
31884169,799657.16,350055.01,1.5,1,-103.3558
31884170,799658.82,350068.7,1.5,1,-100.604
31884171,799661.33,350082,1.5,1,-98.76347
31884172,799664.69,350094.94,1.5,1,-97.44932
31884173,799664.65,350108.99,1.5,1,-100.775
31884174,799667.28,350123.27,1.5,1,-103.4833
31884175,799667.97,350137.32,1.5,1,-99.15294
31884176,799669.76,350151.92,1.5,1,-102.9533
31884177,799671.54,350166.02,1.5,1,-97.94615
31884178,799674.65,350180.73,1.5,1,-100.5769
31884179,799676.92,350195.03,1.5,1,-103.7571
31884180,799677.85,350209.71,1.5,1,-104.2937
31884181,799679.63,350224.36,1.5,1,-102.3294
31884182,799681.29,350238.26,1.5,1,-108.3684
31884183,799682.1,350253,1.5,1,-105.0706
31884184,799682.06,350267.68,1.5,1,-102.7933
31884185,799682.51,350282.44,1.5,1,-108.4294
31884186,799682.84,350297.05,1.5,1,-104.885
31884187,799682.16,350311.33,1.5,1,-107.7833
31884188,799681.31,350326.04,1.5,1,-102.8875
31884189,799681.87,350340.35,1.5,1,-109.7917
31884190,799681.11,350354.51,1.5,1,-107.4067
31884191,799680.1,350368.75,1.5,1,-107.1538
31884192,799680.91,350383.04,1.5,1,-108.825
31884193,799677.84,350396.63,1.5,1,-111.5045
31884194,799665.47,350403.2,1.5,1,-112.8733
31884195,799650.91,350406.39,1.5,1,-112.4
31884196,799635.99,350408.59,1.5,1,-113.85
31884197,799621.45,350410.2,1.5,1,-113.9
31884198,799607.01,350412.88,1.5,1,-109.3
31884199,799591.73,350415.67,1.5,1,-108.3111
31884200,799576.44,350418.62,1.5,1,-110.225
31884201,799562.61,350421.17,1.5,1,-113.375
31884202,799548.42,350423.57,1.5,1,-113.4556
31884203,799533.14,350426.55,1.5,1,-111.1667
31884204,799518.71,350429.85,1.5,1,-112.51
31884205,799504.76,350433.07,1.5,1,-111.0889
31884206,799490.69,350436.15,1.5,1,-111.1444
31884207,799476.14,350439.62,1.5,1,-113.4444
31884208,799461.81,350442.62,1.5,1,-113.2
31884209,799447.49,350445.09,1.5,1,-113.13
31884210,799512.77,350426.75,1.5,1,-113.6593
31884211,799509.05,350412.59,1.5,1,-112.0667
31884212,799507.75,350398.06,1.5,1,-112.5222
31884213,799507.79,350383.45,1.5,1,-111.8062
31884214,799506.99,350369.06,1.5,1,-110.5125
31884215,799505.43,350354.75,1.5,1,-111.2867
31884216,799506.21,350340.65,1.5,1,-106.3143
31884217,799505.4,350325.69,1.5,1,-110
31884218,799503.86,350311.7,1.5,1,-107.2118
31884219,799503.78,350297.12,1.5,1,-109.2393
31884220,799511.32,350285.79,1.5,1,-108.7944
31884221,799525.03,350282.5,1.5,1,-112.2
31884222,799539.46,350279.75,1.5,1,-106.32
31884223,799553.78,350276.57,1.5,1,-106.86
31884224,799568.33,350273.74,1.5,1,-108.0333
31884225,799582.03,350270.4,1.5,1,-109.239
31884226,799595.62,350266.88,1.5,1,-107.7465
31884227,799597.11,350253.78,1.5,1,-106.2261
31884228,799595.33,350239.75,1.5,1,-110.616
31884229,799593.19,350225.83,1.5,1,-105.7062
31884230,799584.73,350216.15,1.5,1,-105.3813
31884231,799570.67,350217.78,1.5,1,-105.8679
31884232,799556.96,350220.81,1.5,1,-108.104
31884233,799543.14,350223.18,1.5,1,-106.7312
31884234,799535.61,350212.8,1.5,1,-107.2
31884235,799534.21,350198.53,1.5,1,-109.7111
31884236,799533.05,350184.22,1.5,1,-109.4611
31884237,799530.42,350169.88,1.5,1,-111.5
31884238,799529.17,350161.16,1.5,1,-112.9832
31884239,799529.44,350171.88,1.5,1,-107.68
31884240,799531.82,350185.93,1.5,1,-108.9125
31884241,799533.63,350200.61,1.5,1,-108.525
31884242,799534.75,350214.74,1.5,1,-105.4781
31884243,799529.29,350226.09,1.5,1,-105.5967
31884244,799515.36,350228.75,1.5,1,-110.9067
31884245,799507.91,350219.31,1.5,1,-112.803
31884246,799502.76,350177.31,1.5,1,-112.7714
31884247,799499.07,350149.24,1.5,1,-108.028
31884248,799499.11,350135.14,1.5,1,-106.063
31884249,799496.23,350120.98,1.5,1,-101.7545
31884250,799492.07,350108.05,1.5,1,-104.8613
31884251,799478.2,350107.46,1.5,1,-104.9759
31884252,799469.03,350117.24,1.5,1,-101.832
31884253,799469.42,350131.18,1.5,1,-105.0444
31884254,799471.56,350145.99,1.5,1,-109.62
31884255,799473.21,350160.03,1.5,1,-104.9072
31884256,799474.88,350174.8,1.5,1,-105.01
31884257,799476.05,350189.12,1.5,1,-107.96
31884258,799477.72,350203.4,1.5,1,-107.7118
31884259,799479.58,350217.73,1.5,1,-103.4571
31884260,799483.22,350231.43,1.5,1,-106.919
31884261,799496.18,350234.82,1.5,1,-109.9583
31884262,799509.05,350230.38,1.5,1,-111.7385
31884263,799470.33,350104.19,1.5,1,-102.7059
31884264,799467.7,350090.03,1.5,1,-105.1429
31884265,799466.04,350075.86,1.5,1,-104.5077
31884266,799463.66,350061.57,1.5,1,-101.5733
31884267,799461.99,350047.05,1.5,1,-104.3
31884268,799459.36,350032.82,1.5,1,-106
31884269,799461.86,350019.4,1.5,1,-108.3174
31884270,799473.24,350011.31,1.5,1,-107.7471
31884271,799485.88,350003.28,1.5,1,-111.05
31884272,799497.78,349995.58,1.5,1,-107.5714
31884273,799510.28,349988.32,1.5,1,-106.05
31884274,799523.87,349981.99,1.5,1,-110.4125
31884275,799537.7,349978,1.5,1,-106.3731
31884276,799549.5,349970.79,1.5,1,-109.1731
31884277,799549.16,349956.83,1.5,1,-107.3625
31884278,799545.31,349943.11,1.5,1,-109.58
31884279,799541.95,349929.52,1.5,1,-110.5857
31884280,799538.6,349915.55,1.5,1,-105.7353
31884281,799534.72,349901.94,1.5,1,-102.7588
31884282,799536.49,349887.87,1.5,1,-102.1267
31884283,799539.91,349873.88,1.5,1,-102.1824
31884284,799563.04,349862.91,1.5,1,-92.29311
31884285,799570.95,349872.1,1.5,1,-95.82778
31884286,799573.1,349886.1,1.5,1,-97.62581
31884287,799579.01,349898.69,1.5,1,-96.10167
31884288,799696.88,350444.38,1.5,1,-104
31884289,799697.69,350458.41,1.5,1,-105.6692
31884290,799698.5,350473.45,1.5,1,-110.3167
31884291,799698.7,350487.53,1.5,1,-108.7091
31884292,799700,350502.9,1.5,1,-108.9
31884293,799862.7,350498.52,1.5,1,-114.708
31884294,799872.84,350488.91,1.5,1,-114.8444
31884295,799882.04,350478.09,1.5,1,-114.7143
31884296,799910.17,350443.7,1.5,1,-111.3937
31884297,799917.18,350431.49,1.5,1,-110.7611
31884298,799918.43,350417.06,1.5,1,-110.21
31884299,799918.47,350402.75,1.5,1,-109.6818
31884300,799917.42,350388.7,1.5,1,-108.2821
31884301,799916.73,350374.72,1.5,1,-107.2957
31884302,799915.19,350360.59,1.5,1,-110.06
31884303,799913.9,350346.33,1.5,1,-109.6929
31884304,799913.15,350332.34,1.5,1,-108.7533
31884305,799911.43,350318.12,1.5,1,-106.7444
31884306,799910.25,350304.05,1.5,1,-105.7417
31884307,799909.43,350290.15,1.5,1,-107.0963
31884308,799909.22,350276.04,1.5,1,-109.6
31884309,799907.82,350261.39,1.5,1,-107.6714
31884310,799905.58,350247.54,1.5,1,-107.3118
31884311,799903.52,350233.31,1.5,1,-108.1947
31884312,799902.83,350218.98,1.5,1,-104.51
31884313,799901.46,350204.3,1.5,1,-107.7611
31884314,799900.24,350189.54,1.5,1,-105.15
31884315,799898.1,350175.35,1.5,1,-105.0792
31884316,799895.34,350161.39,1.5,1,-104.3259
31884317,799880.38,350042.28,1.5,1,-97.19
31884318,799881.37,350028.46,1.5,1,-97.20364
31884319,799880.45,350014.49,1.5,1,-96.39404
31884320,799879.64,350000.57,1.5,1,-96.3904
31884321,799884.88,349988.5,1.5,1,-93.89655
31884322,799885.65,349974.58,1.5,1,-88.25526
31884323,799895,349966.08,1.5,1,-94.29032
31884324,799908.94,349964.39,1.5,1,-98.075
31884325,799923.49,349964,1.5,1,-92.80666
31884326,799937.8,349964.88,1.5,1,-93.60538
31884327,799944.23,349962.18,1.5,1,-91.97078
31884328,799933.21,349961.65,1.5,1,-94.95715
31884329,799918.77,349963.35,1.5,1,-93.34706
31884330,799904.34,349964.81,1.5,1,-89.74075
31884331,799890.65,349962.62,1.5,1,-87.50285
31884332,799882.68,349951.71,1.5,1,-87.29259
31884333,799881.49,349938.16,1.5,1,-81.45
31884334,799884.68,349924.65,1.5,1,-89.20476
31884335,799897.25,349918.22,1.5,1,-92.40714
31884336,799910.98,349913.43,1.5,1,-89.96667
31884337,799924.74,349909.25,1.5,1,-93.98666
31884338,799938.44,349904.56,1.5,1,-94.25
31884339,799952.02,349900.46,1.5,1,-94.925
31884340,799965.62,349896.61,1.5,1,-95.03333
31884341,799979.21,349892.48,1.5,1,-94.90625
31884342,799992.8,349887.55,1.5,1,-95.42632
31884343,800006.51,349883.2,1.5,1,-94.64667
31884344,800020.22,349878.84,1.5,1,-95.21667
31884345,800034.41,349873.94,1.5,1,-96.19091
31884346,800047.76,349869.64,1.5,1,-90.92
31884347,800061.11,349865.27,1.5,1,-93.44546
31884348,800075.43,349860.58,1.5,1,-90.00834
31884349,800089.62,349856.04,1.5,1,-91.45
31884350,800103.58,349851.22,1.5,1,-91.5
31884351,800117.65,349846.84,1.5,1,-87.20869
31884352,800131.44,349847.4,1.5,1,-89.524
31884353,800133.74,349861.13,1.5,1,-94.57223
31884354,800133.58,349875.38,1.5,1,-92.4381
31884355,800127.72,349887.66,1.5,1,-94.20834
31884356,800114.38,349891.21,1.5,1,-96.22647
31884357,800100.07,349892.19,1.5,1,-94.5
31884358,800085.76,349893.34,1.5,1,-97.545
31884359,800071.22,349894.4,1.5,1,-95.71818
31884360,800057.15,349895.49,1.5,1,-96.73215
31884361,800043.09,349896.56,1.5,1,-96.72414
31884362,800030.7,349902.2,1.5,1,-98.5087
31884363,800021.7,349913.21,1.5,1,-94.03929
31884364,800009.08,349919.03,1.5,1,-96.53548
31884365,799995.68,349923.7,1.5,1,-97.30909
31884366,799981.67,349926.15,1.5,1,-97.975
31884367,799967.48,349927.13,1.5,1,-95.35667
31884368,799957.44,349918.99,1.5,1,-96.14615
31884369,799955.42,349904.93,1.5,1,-93.7
31884370,799872.24,349908.13,1.5,1,-76.28695
31884371,799864.76,349896,1.5,1,-79.51875
31884372,799858.97,349882.63,1.5,1,-80.4353
31884373,799853.14,349869.59,1.5,1,-74.96786
31884374,799847.04,349856.95,1.5,1,-74.21184
31884375,799840.28,349846.08,1.5,1,-75.69067
31884376,799834.78,349833.51,1.5,1,-83.33582
31884377,799827.73,349821.94,1.5,1,-83.77808
31884378,799821.57,349809.65,1.5,1,-82.41486
31884379,799818.22,349796.61,1.5,1,-82.71579
31884380,799813.77,349783.26,1.5,1,-81.83913
31884381,799807.78,349770.7,1.5,1,-83.41539
31884382,799803.05,349757.57,1.5,1,-79.15789
31884383,799798.48,349743.61,1.5,1,-78.72666
31884384,799793.35,349730.38,1.5,1,-74.49545
31884385,799788.12,349716.94,1.5,1,-78.02895
31884386,799780.14,349705.52,1.5,1,-67.71221
31884387,799774.6,349694.52,1.5,1,-76.37587
31884388,799769.08,349681.53,1.5,1,-74.53529
31884389,799762.9,349667.97,1.5,1,-75.83076
31884390,799756.64,349654.66,1.5,1,-76.21667
31884391,799750.85,349641.23,1.5,1,-76.45834
31884392,799745.55,349628.13,1.5,1,-79.97273
31884393,799740.26,349613.99,1.5,1,-79.91818
31884394,799734.96,349599.93,1.5,1,-81.52728
31884395,799729.65,349586.87,1.5,1,-82.6
31884396,799724.36,349573.75,1.5,1,-83.66364
31884397,799718.28,349560.73,1.5,1,-84.59231
31884398,799712.43,349547.48,1.5,1,-80.01333
31884399,799706.88,349534.57,1.5,1,-84.73044
31884400,799704.62,349521.1,1.5,1,-85.10333
31884401,799715.54,349512.63,1.5,1,-91.7
31884402,799727.81,349505.56,1.5,1,-91.41579
31884403,799741.52,349500.23,1.5,1,-86.55555
31884404,799755.47,349495.61,1.5,1,-91.98889
31884405,799768.58,349489.51,1.5,1,-90.79131
31884406,799781.09,349482.54,1.5,1,-93.28461
31884407,799795.49,349481.69,1.5,1,-95.4381
31884408,799809.71,349477.54,1.5,1,-97.7
31884409,799823.31,349471.34,1.5,1,-100.5429
31884410,799836.37,349464.71,1.5,1,-98
31884411,799850.17,349459.83,1.5,1,-98.39375
31884412,799864.07,349460.45,1.5,1,-97.79375
31884413,799874.47,349470.7,1.5,1,-96.4
31884414,799881.26,349484.31,1.5,1,-95.75833
31884415,799887.01,349497.58,1.5,1,-97.37273
31884416,799892.79,349511.15,1.5,1,-95.39091
31884417,799899.42,349524.12,1.5,1,-92.72858
31884418,799905.88,349537.04,1.5,1,-82.36471
31884419,799908.81,349550.96,1.5,1,-76.68823
31884420,799904.41,349564.26,1.5,1,-79.68824
31884421,799894.01,349573.7,1.5,1,-80.02
31884422,799880.74,349579.82,1.5,1,-83.3
31884423,799867.38,349585.25,1.5,1,-80.00666
31884424,799853.67,349590.4,1.5,1,-81.35
31884425,799840.18,349594.31,1.5,1,-79.92727
31884426,799826.58,349599.04,1.5,1,-78.43333
31884427,799812.77,349604.79,1.5,1,-74.51818
31884428,799799.43,349609.57,1.5,1,-72.075
31884429,799786.2,349615.54,1.5,1,-72.03571
31884430,799773.56,349621.69,1.5,1,-76.96667
31884431,799759.86,349625.66,1.5,1,-76.84737
31884432,799746.78,349620.58,1.5,1,-82.48
31884433,799702.12,349076.35,1.5,1,-99.13
31884434,799704.83,349061.6,1.5,1,-97.81667
31884435,799707.78,349047.21,1.5,1,-98.23077
31884436,799710.12,349032.81,1.5,1,-99.89285
31884437,799712.46,349018.83,1.5,1,-98.86363
31884438,799713.34,349004.71,1.5,1,-99.75455
31884439,799713.51,348989.91,1.5,1,-102.4182
31884440,799714.27,348974.65,1.5,1,-107.16
31884441,799715.28,348960.32,1.5,1,-103.4917
31884442,799716.12,348916.93,1.5,1,-102.9647
31884443,799911.26,348936.24,1.5,1,-108.0579
31884444,799920.44,348945.78,1.5,1,-106.0593
31884445,799927.44,348957.84,1.5,1,-107.8562
31884446,799929.23,348972.59,1.5,1,-106.675
31884447,799930.64,348986.98,1.5,1,-108.675
31884448,799930.6,349002.01,1.5,1,-106.6273
31884449,799929.71,349016.61,1.5,1,-110.34
31884450,799929.68,349030.84,1.5,1,-102.92
31884451,799928.8,349044.83,1.5,1,-104.6778
31884452,799928.76,349060.11,1.5,1,-106.8125
31884453,799929.09,349074.42,1.5,1,-98.8375
31884454,799929.53,349088.58,1.5,1,-103.6778
31884455,799929.49,349103.42,1.5,1,-100.85
31884456,799930.3,349118,1.5,1,-104.0417
31884457,799930.26,349133.27,1.5,1,-98.98182
31884458,799930.22,349147.3,1.5,1,-102.325
31884459,799930.18,349161.91,1.5,1,-103.525
31884460,799930.88,349176.13,1.5,1,-104.8
31884461,799932.29,349190.19,1.5,1,-103.6583
31884462,799933.72,349205.27,1.5,1,-104.1545
31884463,799934.28,349219.8,1.5,1,-99.55454
31884464,799935.46,349234.25,1.5,1,-99.34545
31884465,799936.75,349248.58,1.5,1,-95.96923
31884466,799938.77,349263.04,1.5,1,-94.74286
31884467,799945.65,349275.83,1.5,1,-96.55385
31884468,799958,349282.47,1.5,1,-95.49231
31884469,799972.02,349283.4,1.5,1,-96.48182
31884470,799986.41,349282.03,1.5,1,-96.70833
31884471,800001.41,349279.97,1.5,1,-99.4
31884472,800016.33,349277.58,1.5,1,-96.83077
31884473,800031.24,349274.6,1.5,1,-99.80769
31884474,800045.31,349271.55,1.5,1,-98.3625
31884475,800059.63,349268.06,1.5,1,-100.6421
31884476,800072.92,349263.53,1.5,1,-103.2137
31884477,800085.48,349257.37,1.5,1,-99.45294
31884478,800097.99,349250.26,1.5,1,-102.34
31884479,800111.01,349243.02,1.5,1,-99.70769
31884480,800123.7,349235.64,1.5,1,-95.8
31884481,800136.23,349228.41,1.5,1,-100.9
31884482,800149.1,349222.21,1.5,1,-98.58182
31884483,800161.84,349215.68,1.5,1,-100.4214
31884484,800175.21,349210.17,1.5,1,-102.5895
31884485,800187.92,349213.65,1.5,1,-101.1
31884486,800193.1,349227.45,1.5,1,-103.5692
31884487,800196.88,349241.71,1.5,1,-103.8
31884488,800200.78,349255.34,1.5,1,-102.85
31884489,800204.99,349268.79,1.5,1,-108.37
31884490,800208.59,349282.42,1.5,1,-107.83
31884491,800212.67,349296.11,1.5,1,-102.6083
31884492,800217.21,349310.93,1.5,1,-109.46
31884493,800221.59,349324.4,1.5,1,-107.6364
31884494,800225.42,349338.9,1.5,1,-104.97
31884495,800229.01,349352.47,1.5,1,-105.5455
31884496,800232.98,349366.27,1.5,1,-105.6833
31884497,800236.58,349380.14,1.5,1,-103.2857
31884498,800240.55,349393.55,1.5,1,-101.4235
31884499,800240.63,349407.88,1.5,1,-103.1789
31884500,800229.93,349417.47,1.5,1,-101.58
31884501,800216.34,349421.6,1.5,1,-106.2692
31884502,800202.4,349423.3,1.5,1,-105.4786
31884503,800187.74,349423.79,1.5,1,-103.4875
31884504,800173.07,349423.02,1.5,1,-104.3217
31884505,800159,349422.34,1.5,1,-100.592
31884506,800153.58,349410.11,1.5,1,-103.3667
31884507,800152.77,349396.08,1.5,1,-99.46111
31884508,800150.74,349382.33,1.5,1,-98.03334
31884509,800147.26,349368.08,1.5,1,-95.20625
31884510,800143.3,349353.99,1.5,1,-101.02
31884511,800139.21,349339.96,1.5,1,-103.6765
31884512,800134.28,349326.1,1.5,1,-100.6278
31884513,800128.37,349312.75,1.5,1,-98.39999
31884514,800122.83,349299.55,1.5,1,-98.45789
31884515,800117.41,349285.9,1.5,1,-98.96
31884516,800111.5,349272.93,1.5,1,-100.3667
31884517,800105.35,349260.01,1.5,1,-99.89053
31884518,800102.72,349246.76,1.5,1,-99.9125
31884519,800113.3,349237.74,1.5,1,-94.03529
31884520,800126.33,349230.71,1.5,1,-99.52143
31884521,800139,349223.82,1.5,1,-103.21
31884522,800151.29,349216.76,1.5,1,-97.68095
31884523,800163.44,349208.94,1.5,1,-102.0733
31884524,800176.61,349201.67,1.5,1,-99.66364
31884525,800189.36,349194.38,1.5,1,-99.9091
31884526,800201.32,349186.3,1.5,1,-93.41
31884527,800213.46,349178.66,1.5,1,-96.68
31884528,800226.76,349171.84,1.5,1,-95.79
31884529,800240.35,349165.43,1.5,1,-100.62
31884530,800253.21,349159.22,1.5,1,-100.3273
31884531,800265.78,349152.23,1.5,1,-96.61539
31884532,800276.6,349142.31,1.5,1,-96.96667
31884533,800279.59,349128.15,1.5,1,-98.84615
31884534,800276.77,349113.86,1.5,1,-100.125
31884535,800280.69,349154.41,1.5,1,-100.5789
31884536,800294.02,349159.44,1.5,1,-101.3267
31884537,800304.41,349169.55,1.5,1,-104.65
31884538,800314.46,349180.58,1.5,1,-103.1083
31884539,800323.87,349191.67,1.5,1,-103.29
31884540,800334.27,349202.14,1.5,1,-105.8111
31884541,800344.44,349212.16,1.5,1,-102.0111
31884542,800355.92,349222.55,1.5,1,-105.0333
31884543,800367.47,349232.26,1.5,1,-105.4875
31884544,800379.75,349240.99,1.5,1,-107.875
31884545,800391.62,349249.23,1.5,1,-104.1
31884546,799614.67,349751.12,1.5,1,-86.48779
31884547,799607.38,349757.44,1.5,1,-80.12122
31884548,799599.34,349767.89,1.5,1,-80.1
31884549,799611.95,349768.21,1.5,1,-82.08125
31884550,799624.82,349760.98,1.5,1,-79.65385
31884551,799636.73,349753.58,1.5,1,-80.88461
31884552,799648.62,349745.56,1.5,1,-76.30667
31884553,799660.29,349736.63,1.5,1,-78.35834
31884554,799672.19,349729.04,1.5,1,-78.38235
31884555,799683.9,349721.42,1.5,1,-79.2381
31884556,799695.99,349713.34,1.5,1,-77.06316
31884557,799707.29,349704.32,1.5,1,-75.43684
31884558,799720.4,349699.24,1.5,1,-75.62692
31884559,799733.01,349693.3,1.5,1,-76.55111
31884560,799740.69,349681.39,1.5,1,-75.375
31884561,799752.34,349673.4,1.5,1,-77.97143
31884562,799764.24,349665.32,1.5,1,-72.80714
31884563,799776.15,349657.4,1.5,1,-75.18462
31884564,799788.04,349649.04,1.5,1,-72.16666
31884565,799800.38,349641.13,1.5,1,-73.06364
31884566,799813.33,349634.02,1.5,1,-74.03
31884567,799825.73,349627.2,1.5,1,-72.11
31884568,799839.04,349621.04,1.5,1,-80.08
31884569,799853.48,349616.34,1.5,1,-74.64445
31884570,799868.76,349612.64,1.5,1,-81.2
31884571,799883.93,349609.1,1.5,1,-80.15556
31884572,799898.12,349605.63,1.5,1,-82.91111
31884573,799912.32,349603.02,1.5,1,-80.58
31884574,799926.51,349601.21,1.5,1,-80.56667
31884575,799941.67,349599.85,1.5,1,-76.45
31884576,800017.33,349590.8,1.5,1,-91.35555
31884577,800032.6,349590.43,1.5,1,-92.025
31884578,800047.16,349589.78,1.5,1,-86.025
31884579,800061.71,349588.68,1.5,1,-87.5125
31884580,800076.62,349587.25,1.5,1,-94.8375
31884581,800091.18,349586.15,1.5,1,-94.27499
31884582,800107.02,349585.3,1.5,1,-91.625
31884583,800122.37,349584.63,1.5,1,-94.45
31884584,800138.35,349584.03,1.5,1,-88.95715
31884585,800152.77,349583.6,1.5,1,-87.83749
31884586,800168.4,349583.02,1.5,1,-92.375
31884587,800182.72,349581.52,1.5,1,-91.04
31884588,800196.86,349579.34,1.5,1,-88.23334
31884589,800211.07,349576.23,1.5,1,-88.31579
31884590,800267.74,349566.79,1.5,1,-91.67648
31884591,800282.18,349563.46,1.5,1,-94.07727
31884592,800295.39,349563.69,1.5,1,-96.56667
31884593,800304.45,349574.16,1.5,1,-96.80714
31884594,800309.51,349588.39,1.5,1,-104.1364
31884595,800314.32,349602.21,1.5,1,-103.16
31884596,800318.77,349616.07,1.5,1,-103.5222
31884597,800322.62,349629.58,1.5,1,-103.6778
31884598,800327.8,349643.99,1.5,1,-104.2778
31884599,800332.21,349657.9,1.5,1,-104.16
31884600,800337.29,349672.32,1.5,1,-100.4333
31884601,800341.62,349686.09,1.5,1,-102.6556
31884602,800346.8,349700.15,1.5,1,-104.5222
31884603,800351.13,349714.5,1.5,1,-103.6667
31884604,800355.46,349728.62,1.5,1,-103.39
31884605,800359.79,349742.21,1.5,1,-101.62
31884606,800364.6,349756.97,1.5,1,-99.32222
31884607,800368.92,349770.35,1.5,1,-99.82999
31884608,800372.89,349784.9,1.5,1,-100.42
31884609,800377.21,349798.84,1.5,1,-100.2636
31884610,800381.66,349812.77,1.5,1,-101.36
31884611,800386.12,349826.39,1.5,1,-102.8273
31884612,800390.93,349840.54,1.5,1,-101.2667
31884613,800395.25,349855.13,1.5,1,-102.0417
31884614,800398.73,349869.12,1.5,1,-101.6615
31884615,800403.07,349882.51,1.5,1,-98.59231
31884616,800407.75,349896.7,1.5,1,-99.22857
31884617,800411.96,349910.99,1.5,1,-98.31923
31884618,800417.02,349924.21,1.5,1,-99.26207
31884619,800419.89,349938.27,1.5,1,-96.52941
31884620,800423.13,349952.46,1.5,1,-95.70625
31884621,800425.4,349966.66,1.5,1,-99.20625
31884622,800425.36,349980.99,1.5,1,-99.675
31884623,800424.19,349995.37,1.5,1,-101.5212
31884624,800422.74,350009.4,1.5,1,-101.6419
31884625,800421.84,350023.27,1.5,1,-102.2962
31884626,800421.81,350037.18,1.5,1,-102.331
31884627,800421.77,350051.13,1.5,1,-105.9875
31884628,800421.74,350065.21,1.5,1,-107.3857
31884629,800420.01,350079.21,1.5,1,-105.3667
31884630,800419.97,350093.97,1.5,1,-105.4231
31884631,800420.53,350108.78,1.5,1,-105.1
31884632,800420.86,350123.06,1.5,1,-105.8778
31884633,800421.91,350137.23,1.5,1,-106.1111
31884634,800443.23,350085.82,1.5,1,-106.2045
31884635,800429.12,350085.85,1.5,1,-104.3625
31884636,800415.01,350085.93,1.5,1,-106.7214
31884637,800400.1,350086.47,1.5,1,-106.3
31884638,800386.05,350087.36,1.5,1,-101.4462
31884639,800371.19,350088.42,1.5,1,-103.2143
31884640,800357.18,350089.67,1.5,1,-102.1231
31884641,800342.97,350090.32,1.5,1,-99.08667
31884642,800328.11,350091.09,1.5,1,-97.76666
31884643,800313.29,350091.63,1.5,1,-97.81111
31884644,800298.62,350091.18,1.5,1,-101.675
31884645,800284.19,350092.17,1.5,1,-103.2412
31884646,800269.98,350092.18,1.5,1,-100.3211
31884647,800255.99,350092.59,1.5,1,-97.42632
31884648,800241.98,350094.12,1.5,1,-101.6316
31884649,800227.34,350094.92,1.5,1,-100.5882
31884650,800212.9,350095.46,1.5,1,-98.10555
31884651,800198.47,350095.48,1.5,1,-100.5
31884652,800184.15,350095.87,1.5,1,-99.32143
31884653,800169.93,350096.54,1.5,1,-95.5
31884654,800156.88,350100.75,1.5,1,-91.96176
31884655,800155.99,350114.56,1.5,1,-93.24838
31884656,800156.81,350128.86,1.5,1,-96.38334
31884657,800158.09,350143.04,1.5,1,-98.75185
31884658,800159.28,350157.14,1.5,1,-100.7424
31884659,800159.88,350171.13,1.5,1,-100.4788
31884660,800160.9,350185.22,1.5,1,-104.3576
31884661,800160.86,350199.54,1.5,1,-106.4269
31884662,800161.68,350214.15,1.5,1,-105.7722
31884663,800162.49,350228.59,1.5,1,-108.7056
31884664,800163.29,350243,1.5,1,-105.7545
31884665,800164.1,350257.2,1.5,1,-104.441
31884666,800164.07,350270.8,1.5,1,-103.6624
31884667,800171.57,350280.8,1.5,1,-103.85
31884668,800186.11,350281.16,1.5,1,-107.5
31884669,800200.54,350280.96,1.5,1,-105.0706
31884670,800214.97,350278.96,1.5,1,-105.1423
31884671,800228.9,350280.24,1.5,1,-105.9783
31884672,800243.18,350281.04,1.5,1,-105.0818
31884673,800257.26,350281.41,1.5,1,-106.35
31884674,800271.5,350282.3,1.5,1,-104.5475
31884675,800285.92,350282.14,1.5,1,-104.5375
31884676,800300.04,350282.53,1.5,1,-104.5333
31884677,800204.59,350357.5,1.5,1,-112.2823
31884678,800190.28,350357.09,1.5,1,-111.1154
31884679,800176.82,350360.14,1.5,1,-110.6969
31884680,800177.17,350373.28,1.5,1,-109.2881
31884681,800172.56,350381.09,1.5,1,-109.8
31884682,800164.11,350363.48,1.5,1,-110.88
31884683,800153.67,350355.71,1.5,1,-111.235
31884684,800139.12,350354.77,1.5,1,-112.5381
31884685,800124.69,350355.58,1.5,1,-110.2326
31884686,800115.59,350363.26,1.5,1,-109.0067
31884687,800110.09,350376.22,1.5,1,-110.1769
31884688,800097.81,350381.73,1.5,1,-115.8158
31884689,800083.52,350383.48,1.5,1,-115.8
31884690,800069.47,350386.18,1.5,1,-115.4579
31884691,800055.62,350389.96,1.5,1,-115.5909
31884692,800041.92,350393.27,1.5,1,-112.3836
31884693,800029.9,350399.26,1.5,1,-112.0167
31884694,800022.52,350410.03,1.5,1,-111.0906
31884695,800021.95,350424.04,1.5,1,-111.497
31884696,800019.73,350437.75,1.5,1,-111.7219
31884697,800013.72,350450.06,1.5,1,-110.8364
31884698,800008.88,350463.21,1.5,1,-111.3837
31884699,799968.25,350471.02,1.5,1,-113.9052
31884700,799956.63,350463.81,1.5,1,-108.8448
31884701,799946.1,350453.96,1.5,1,-110.0518
31884702,799937.25,350442.5,1.5,1,-108.3619
31884703,799930.05,350429.96,1.5,1,-110.356
